{"stats":{"minecraft:picked_up":{"minecraft:wooden_axe":1,"minecraft:stick":2,"minecraft:crafting_table":1,"minecraft:spruce_planks":7,"minecraft:spruce_sapling":1,"minecraft:spruce_log":58},"minecraft:used":{"minecraft:wooden_axe":47,"minecraft:crafting_table":1},"minecraft:custom":{"minecraft:time_since_rest":7551,"minecraft:crouch_one_cm":147,"minecraft:sprint_one_cm":2930,"minecraft:play_time":7551,"minecraft:damage_taken":40,"minecraft:walk_one_cm":8367,"minecraft:sneak_time":18,"minecraft:jump":21,"minecraft:damage_dealt":208,"minecraft:leave_game":1,"minecraft:time_since_death":7551,"minecraft:total_world_time":7551,"minecraft:fall_one_cm":613,"minecraft:interact_with_crafting_table":2,"minecraft:fly_one_cm":2478,"minecraft:player_kills":1},"minecraft:mined":{"minecraft:spruce_leaves":9,"minecraft:spruce_log":52,"minecraft:fern":1,"minecraft:crafting_table":1},"minecraft:crafted":{"minecraft:crafting_table":1,"minecraft:spruce_planks":44,"minecraft:stick":4,"minecraft:wooden_axe":1}},"DataVersion":3465}