{"stats":{"minecraft:crafted":{"minecraft:wooden_shovel":1,"minecraft:stone_shovel":1,"minecraft:crafting_table":1,"minecraft:spruce_planks":92,"minecraft:stick":16,"minecraft:wooden_pickaxe":1,"minecraft:stone_pickaxe":1,"minecraft:wooden_axe":3,"minecraft:chest":1,"minecraft:stone_axe":1},"minecraft:used":{"minecraft:wooden_axe":137,"minecraft:stone_shovel":5,"minecraft:stone_pickaxe":36,"minecraft:chest":1,"minecraft:wooden_pickaxe":7,"minecraft:wooden_shovel":10,"minecraft:cobblestone":5,"minecraft:sweet_berries":21,"minecraft:crafting_table":3,"minecraft:spruce_log":2},"minecraft:picked_up":{"minecraft:wooden_axe":1,"minecraft:stick":4,"minecraft:crafting_table":3,"minecraft:sweet_berries":37,"minecraft:porkchop":1,"minecraft:spruce_sapling":4,"minecraft:spruce_log":136,"minecraft:dirt":16,"minecraft:rotten_flesh":3,"minecraft:spruce_planks":7,"minecraft:cobblestone":41},"minecraft:custom":{"minecraft:time_since_rest":27494,"minecraft:sprint_one_cm":70018,"minecraft:damage_taken":160,"minecraft:walk_one_cm":53491,"minecraft:mob_kills":3,"minecraft:damage_dealt":455,"minecraft:player_kills":1,"minecraft:interact_with_crafting_table":12,"minecraft:fly_one_cm":30534,"minecraft:open_chest":1,"minecraft:crouch_one_cm":215,"minecraft:play_time":27494,"minecraft:sneak_time":27,"minecraft:walk_under_water_one_cm":557,"minecraft:jump":328,"minecraft:leave_game":2,"minecraft:time_since_death":27494,"minecraft:walk_on_water_one_cm":1179,"minecraft:total_world_time":27494,"minecraft:fall_one_cm":5078},"minecraft:killed":{"minecraft:zombie":1,"minecraft:pig":1},"minecraft:mined":{"minecraft:podzol":7,"minecraft:sweet_berry_bush":4,"minecraft:spruce_log":130,"minecraft:crafting_table":3,"minecraft:grass_block":8,"minecraft:dead_bush":1,"minecraft:dirt":2,"minecraft:spruce_leaves":14,"minecraft:stone":41,"minecraft:fern":1,"minecraft:large_fern":2},"minecraft:broken":{"minecraft:wooden_axe":1}},"DataVersion":3465}