{"stats":{"minecraft:crafted":{"minecraft:wooden_shovel":1,"minecraft:stone_shovel":1,"minecraft:crafting_table":1,"minecraft:spruce_planks":92,"minecraft:stick":28,"minecraft:wooden_pickaxe":1,"minecraft:stone_pickaxe":5,"minecraft:wooden_axe":3,"minecraft:chest":1,"minecraft:furnace":1,"minecraft:torch":16,"minecraft:stone_axe":1},"minecraft:used":{"minecraft:wooden_axe":137,"minecraft:stone_shovel":13,"minecraft:stone_pickaxe":337,"minecraft:chest":1,"minecraft:wooden_pickaxe":7,"minecraft:wooden_shovel":10,"minecraft:stone_axe":1,"minecraft:torch":16,"minecraft:dirt":3,"minecraft:cobblestone":8,"minecraft:sweet_berries":29,"minecraft:crafting_table":3,"minecraft:furnace":1,"minecraft:spruce_log":2},"minecraft:picked_up":{"minecraft:wooden_axe":1,"minecraft:raw_iron":7,"minecraft:stick":4,"minecraft:crafting_table":3,"minecraft:sweet_berries":37,"minecraft:porkchop":1,"minecraft:spruce_sapling":4,"minecraft:diorite":37,"minecraft:spruce_log":136,"minecraft:dirt":32,"minecraft:raw_copper":5,"minecraft:rotten_flesh":3,"minecraft:spruce_planks":7,"minecraft:granite":6,"minecraft:moss_block":3,"minecraft:coal":30,"minecraft:cobblestone":293},"minecraft:custom":{"minecraft:time_since_rest":39494,"minecraft:interact_with_furnace":2,"minecraft:sprint_one_cm":80045,"minecraft:damage_taken":210,"minecraft:walk_one_cm":85800,"minecraft:mob_kills":3,"minecraft:drop":8,"minecraft:damage_dealt":476,"minecraft:player_kills":1,"minecraft:interact_with_crafting_table":13,"minecraft:fly_one_cm":35132,"minecraft:open_chest":1,"minecraft:crouch_one_cm":241,"minecraft:play_time":39494,"minecraft:sneak_time":99,"minecraft:walk_under_water_one_cm":557,"minecraft:jump":500,"minecraft:leave_game":2,"minecraft:time_since_death":39494,"minecraft:walk_on_water_one_cm":1179,"minecraft:total_world_time":39494,"minecraft:fall_one_cm":6460},"minecraft:killed":{"minecraft:zombie":1,"minecraft:pig":1},"minecraft:mined":{"minecraft:podzol":7,"minecraft:iron_ore":5,"minecraft:sweet_berry_bush":4,"minecraft:spruce_log":130,"minecraft:cave_vines_plant":1,"minecraft:crafting_table":3,"minecraft:granite":6,"minecraft:grass_block":8,"minecraft:coal_ore":30,"minecraft:deepslate_iron_ore":2,"minecraft:dead_bush":1,"minecraft:dirt":10,"minecraft:copper_ore":2,"minecraft:spruce_leaves":14,"minecraft:stone":250,"minecraft:moss_block":10,"minecraft:diorite":36,"minecraft:fern":1,"minecraft:large_fern":2},"minecraft:broken":{"minecraft:wooden_axe":1,"minecraft:stone_pickaxe":2},"minecraft:dropped":{"minecraft:cobblestone":8}},"DataVersion":3465}