{"stats":{"minecraft:killed_by":{"minecraft:creeper":1},"minecraft:crafted":{"minecraft:wooden_shovel":1,"minecraft:stone_shovel":1,"minecraft:crafting_table":2,"minecraft:spruce_planks":116,"minecraft:wooden_pickaxe":1,"minecraft:furnace":2,"minecraft:stone_axe":1,"minecraft:air":0,"minecraft:stick":48,"minecraft:iron_ingot":3,"minecraft:iron_pickaxe":1,"minecraft:stone_pickaxe":5,"minecraft:wooden_axe":3,"minecraft:chest":1,"minecraft:torch":80},"minecraft:used":{"minecraft:stone_shovel":13,"minecraft:stone_pickaxe":390,"minecraft:chest":1,"minecraft:wooden_pickaxe":7,"minecraft:wooden_shovel":10,"minecraft:torch":36,"minecraft:glow_berries":2,"minecraft:dirt":3,"minecraft:crafting_table":4,"minecraft:spruce_log":2,"minecraft:wooden_axe":137,"minecraft:iron_pickaxe":10,"minecraft:stone_axe":4,"minecraft:cobblestone":8,"minecraft:sweet_berries":32,"minecraft:furnace":2,"minecraft:cobbled_deepslate":6},"minecraft:picked_up":{"minecraft:wooden_axe":1,"minecraft:crafting_table":3,"minecraft:dirt":32,"minecraft:raw_copper":5,"minecraft:cobbled_deepslate":34,"minecraft:spruce_planks":7,"minecraft:moss_block":3,"minecraft:stick":4,"minecraft:raw_iron":20,"minecraft:sweet_berries":37,"minecraft:torch":2,"minecraft:gravel":10,"minecraft:porkchop":1,"minecraft:spruce_sapling":4,"minecraft:diorite":37,"minecraft:spruce_log":136,"minecraft:arrow":1,"minecraft:rotten_flesh":3,"minecraft:diamond":4,"minecraft:granite":6,"minecraft:glow_berries":1,"minecraft:coal":30,"minecraft:cobblestone":295},"minecraft:custom":{"minecraft:interact_with_furnace":6,"minecraft:mob_kills":4,"minecraft:interact_with_crafting_table":16,"minecraft:leave_game":2,"minecraft:time_since_death":5351,"minecraft:time_since_rest":5393,"minecraft:sprint_one_cm":91848,"minecraft:damage_taken":660,"minecraft:walk_one_cm":103698,"minecraft:drop":8,"minecraft:damage_dealt":676,"minecraft:fly_one_cm":108164,"minecraft:player_kills":1,"minecraft:open_chest":1,"minecraft:crouch_one_cm":1358,"minecraft:play_time":51494,"minecraft:deaths":1,"minecraft:sneak_time":1054,"minecraft:walk_under_water_one_cm":947,"minecraft:jump":552,"minecraft:walk_on_water_one_cm":1497,"minecraft:total_world_time":51494,"minecraft:fall_one_cm":7795},"minecraft:killed":{"minecraft:pig":1,"minecraft:skeleton":1,"minecraft:zombie":1},"minecraft:mined":{"minecraft:podzol":7,"minecraft:deepslate_diamond_ore":4,"minecraft:crafting_table":3,"minecraft:cave_vines_plant":3,"minecraft:granite":6,"minecraft:grass_block":8,"minecraft:dead_bush":1,"minecraft:copper_ore":2,"minecraft:spruce_leaves":14,"minecraft:moss_block":10,"minecraft:diorite":36,"minecraft:wall_torch":2,"minecraft:large_fern":2,"minecraft:iron_ore":13,"minecraft:sweet_berry_bush":4,"minecraft:spruce_log":130,"minecraft:coal_ore":30,"minecraft:deepslate_iron_ore":8,"minecraft:gravel":7,"minecraft:dirt":10,"minecraft:stone":252,"minecraft:deepslate":38,"minecraft:fern":1},"minecraft:broken":{"minecraft:stone_pickaxe":2,"minecraft:wooden_axe":1},"minecraft:dropped":{"minecraft:cobblestone":8}},"DataVersion":3465}