{"stats":{"minecraft:crafted":{"minecraft:crafting_table":1,"minecraft:spruce_planks":64,"minecraft:stick":8,"minecraft:wooden_axe":3},"minecraft:used":{"minecraft:wooden_axe":110,"minecraft:crafting_table":1},"minecraft:picked_up":{"minecraft:wooden_axe":1,"minecraft:crafting_table":2,"minecraft:stick":2,"minecraft:rotten_flesh":3,"minecraft:spruce_planks":7,"minecraft:spruce_sapling":3,"minecraft:spruce_log":119},"minecraft:custom":{"minecraft:time_since_rest":15494,"minecraft:crouch_one_cm":215,"minecraft:play_time":15494,"minecraft:sprint_one_cm":3113,"minecraft:damage_taken":150,"minecraft:walk_one_cm":20778,"minecraft:sneak_time":27,"minecraft:mob_kills":2,"minecraft:jump":89,"minecraft:damage_dealt":322,"minecraft:leave_game":2,"minecraft:time_since_death":15494,"minecraft:total_world_time":15494,"minecraft:interact_with_crafting_table":7,"minecraft:fall_one_cm":1819,"minecraft:fly_one_cm":2637,"minecraft:player_kills":1},"minecraft:killed":{"minecraft:zombie":1},"minecraft:mined":{"minecraft:spruce_leaves":14,"minecraft:spruce_log":113,"minecraft:fern":1,"minecraft:crafting_table":2},"minecraft:broken":{"minecraft:wooden_axe":1}},"DataVersion":3465}