{"stats":{"minecraft:crafted":{"minecraft:crafting_table":2,"minecraft:spruce_planks":52,"minecraft:stick":12,"minecraft:wooden_pickaxe":1,"minecraft:wooden_axe":3},"minecraft:killed_by":{"minecraft:player":1},"minecraft:used":{"minecraft:wooden_axe":55,"minecraft:wooden_pickaxe":5,"minecraft:crafting_table":3,"minecraft:sweet_berries":9},"minecraft:picked_up":{"minecraft:stick":1,"minecraft:crafting_table":2,"minecraft:sweet_berries":64,"minecraft:porkchop":3,"minecraft:spruce_sapling":3,"minecraft:spruce_log":29,"minecraft:dirt":2,"minecraft:wheat_seeds":2,"minecraft:cobblestone":2},"minecraft:custom":{"minecraft:time_since_rest":20371,"minecraft:sprint_one_cm":10581,"minecraft:damage_taken":433,"minecraft:walk_one_cm":23365,"minecraft:mob_kills":2,"minecraft:drop":29,"minecraft:damage_dealt":220,"minecraft:interact_with_crafting_table":4,"minecraft:fly_one_cm":29583,"minecraft:crouch_one_cm":165,"minecraft:play_time":25833,"minecraft:deaths":1,"minecraft:sneak_time":248,"minecraft:jump":170,"minecraft:leave_game":1,"minecraft:walk_on_water_one_cm":983,"minecraft:time_since_death":20341,"minecraft:total_world_time":25833,"minecraft:fall_one_cm":5659},"minecraft:killed":{"minecraft:pig":2},"minecraft:mined":{"minecraft:large_fern":6,"minecraft:sweet_berry_bush":26,"minecraft:spruce_log":28,"minecraft:crafting_table":2,"minecraft:grass":2,"minecraft:dirt":1,"minecraft:spruce_leaves":37,"minecraft:stone":4,"minecraft:fern":11},"minecraft:dropped":{"minecraft:sweet_berries":29}},"DataVersion":3465}