{"stats":{"minecraft:killed_by":{"minecraft:player":1},"minecraft:picked_up":{"minecraft:spruce_sapling":1,"minecraft:spruce_log":12},"minecraft:used":{"minecraft:wooden_axe":6,"minecraft:crafting_table":1},"minecraft:custom":{"minecraft:time_since_rest":6193,"minecraft:crouch_one_cm":165,"minecraft:play_time":11655,"minecraft:sprint_one_cm":935,"minecraft:deaths":1,"minecraft:damage_taken":280,"minecraft:walk_one_cm":4397,"minecraft:sneak_time":248,"minecraft:jump":30,"minecraft:damage_dealt":20,"minecraft:walk_on_water_one_cm":983,"minecraft:time_since_death":6163,"minecraft:total_world_time":11655,"minecraft:interact_with_crafting_table":1,"minecraft:fall_one_cm":1820,"minecraft:fly_one_cm":11170},"minecraft:mined":{"minecraft:spruce_leaves":16,"minecraft:spruce_log":11},"minecraft:crafted":{"minecraft:crafting_table":1,"minecraft:spruce_planks":16,"minecraft:stick":4,"minecraft:wooden_axe":1}},"DataVersion":3465}