{"stats":{"minecraft:crafted":{"minecraft:crafting_table":3,"minecraft:spruce_planks":84,"minecraft:wooden_pickaxe":1,"minecraft:iron_sword":1,"minecraft:furnace":2,"minecraft:air":0,"minecraft:iron_chestplate":1,"minecraft:shield":1,"minecraft:stick":36,"minecraft:iron_ingot":22,"minecraft:iron_pickaxe":1,"minecraft:stone_pickaxe":3,"minecraft:wooden_axe":3,"minecraft:iron_leggings":1,"minecraft:torch":68},"minecraft:killed_by":{"minecraft:player":1},"minecraft:used":{"minecraft:diorite":11,"minecraft:stone_pickaxe":190,"minecraft:wooden_pickaxe":9,"minecraft:spruce_planks":4,"minecraft:shield":2,"minecraft:iron_sword":5,"minecraft:torch":46,"minecraft:glow_berries":5,"minecraft:crafting_table":7,"minecraft:wooden_axe":62,"minecraft:iron_pickaxe":30,"minecraft:cobblestone":6,"minecraft:sweet_berries":59,"minecraft:furnace":4,"minecraft:iron_leggings":1},"minecraft:picked_up":{"minecraft:crafting_table":6,"minecraft:andesite":4,"minecraft:dirt":2,"minecraft:string":2,"minecraft:moss_carpet":1,"minecraft:wheat_seeds":2,"minecraft:cobbled_deepslate":4,"minecraft:raw_gold":10,"minecraft:glass_bottle":2,"minecraft:moss_block":9,"minecraft:flowering_azalea":1,"minecraft:furnace":2,"minecraft:stick":1,"minecraft:raw_iron":24,"minecraft:sweet_berries":64,"minecraft:torch":1,"minecraft:porkchop":3,"minecraft:spruce_sapling":3,"minecraft:diorite":20,"minecraft:spruce_log":29,"minecraft:glow_berries":5,"minecraft:coal":22,"minecraft:cobblestone":93},"minecraft:custom":{"minecraft:interact_with_furnace":21,"minecraft:mob_kills":4,"minecraft:interact_with_crafting_table":17,"minecraft:leave_game":1,"minecraft:time_since_death":44341,"minecraft:climb_one_cm":312,"minecraft:time_since_rest":44371,"minecraft:sprint_one_cm":46885,"minecraft:damage_taken":704,"minecraft:walk_one_cm":79785,"minecraft:damage_blocked_by_shield":40,"minecraft:drop":29,"minecraft:damage_dealt":819,"minecraft:fly_one_cm":71501,"minecraft:open_chest":1,"minecraft:crouch_one_cm":4167,"minecraft:play_time":49833,"minecraft:deaths":1,"minecraft:sneak_time":1278,"minecraft:jump":489,"minecraft:walk_on_water_one_cm":1082,"minecraft:total_world_time":49833,"minecraft:fall_one_cm":13394},"minecraft:killed":{"minecraft:pig":2,"minecraft:witch":1,"minecraft:spider":1},"minecraft:mined":{"minecraft:flowering_azalea":1,"minecraft:cave_vines_plant":3,"minecraft:crafting_table":6,"minecraft:torch":1,"minecraft:cobblestone":3,"minecraft:spruce_leaves":37,"minecraft:deepslate_gold_ore":3,"minecraft:moss_block":3,"minecraft:diorite":21,"minecraft:large_fern":6,"minecraft:furnace":2,"minecraft:iron_ore":5,"minecraft:sweet_berry_bush":26,"minecraft:spruce_log":28,"minecraft:andesite":4,"minecraft:moss_carpet":1,"minecraft:grass":2,"minecraft:coal_ore":22,"minecraft:cave_vines":9,"minecraft:deepslate_iron_ore":19,"minecraft:dirt":9,"minecraft:stone":126,"minecraft:gold_ore":7,"minecraft:deepslate":3,"minecraft:fern":11},"minecraft:broken":{"minecraft:stone_pickaxe":1},"minecraft:dropped":{"minecraft:sweet_berries":29}},"DataVersion":3465}