{"stats":{"minecraft:crafted":{"minecraft:crafting_table":3,"minecraft:spruce_planks":84,"minecraft:stick":32,"minecraft:wooden_pickaxe":1,"minecraft:stone_pickaxe":3,"minecraft:wooden_axe":3,"minecraft:furnace":2,"minecraft:torch":68},"minecraft:killed_by":{"minecraft:player":1},"minecraft:used":{"minecraft:wooden_axe":55,"minecraft:diorite":11,"minecraft:stone_pickaxe":190,"minecraft:wooden_pickaxe":9,"minecraft:torch":13,"minecraft:crafting_table":5,"minecraft:sweet_berries":22,"minecraft:furnace":2},"minecraft:picked_up":{"minecraft:raw_iron":14,"minecraft:stick":1,"minecraft:crafting_table":3,"minecraft:sweet_berries":64,"minecraft:andesite":3,"minecraft:porkchop":3,"minecraft:spruce_sapling":3,"minecraft:diorite":20,"minecraft:spruce_log":29,"minecraft:dirt":2,"minecraft:wheat_seeds":2,"minecraft:cobbled_deepslate":1,"minecraft:moss_block":7,"minecraft:coal":22,"minecraft:cobblestone":91},"minecraft:custom":{"minecraft:time_since_rest":32371,"minecraft:interact_with_furnace":3,"minecraft:sprint_one_cm":17429,"minecraft:damage_taken":464,"minecraft:walk_one_cm":48169,"minecraft:mob_kills":2,"minecraft:drop":29,"minecraft:damage_dealt":250,"minecraft:interact_with_crafting_table":9,"minecraft:fly_one_cm":38195,"minecraft:open_chest":1,"minecraft:crouch_one_cm":3498,"minecraft:play_time":37833,"minecraft:deaths":1,"minecraft:sneak_time":1137,"minecraft:jump":251,"minecraft:leave_game":1,"minecraft:walk_on_water_one_cm":983,"minecraft:time_since_death":32341,"minecraft:climb_one_cm":312,"minecraft:total_world_time":37833,"minecraft:fall_one_cm":7103},"minecraft:killed":{"minecraft:pig":2},"minecraft:mined":{"minecraft:large_fern":6,"minecraft:iron_ore":5,"minecraft:sweet_berry_bush":26,"minecraft:spruce_log":28,"minecraft:andesite":3,"minecraft:crafting_table":3,"minecraft:grass":2,"minecraft:coal_ore":22,"minecraft:deepslate_iron_ore":9,"minecraft:dirt":9,"minecraft:cobblestone":1,"minecraft:spruce_leaves":37,"minecraft:stone":126,"minecraft:diorite":21,"minecraft:deepslate":1,"minecraft:fern":11},"minecraft:broken":{"minecraft:stone_pickaxe":1},"minecraft:dropped":{"minecraft:sweet_berries":29}},"DataVersion":3465}