{"stats":{"minecraft:used":{"minecraft:wooden_axe":6,"minecraft:crafting_table":2},"minecraft:custom":{"minecraft:time_since_rest":9083,"minecraft:crouch_one_cm":165,"minecraft:sprint_one_cm":3908,"minecraft:play_time":14545,"minecraft:damage_taken":320,"minecraft:deaths":1,"minecraft:walk_one_cm":8660,"minecraft:sneak_time":248,"minecraft:jump":86,"minecraft:damage_dealt":20,"minecraft:leave_game":1,"minecraft:walk_on_water_one_cm":983,"minecraft:time_since_death":9053,"minecraft:total_world_time":14545,"minecraft:interact_with_crafting_table":2,"minecraft:fall_one_cm":2685,"minecraft:fly_one_cm":18238},"minecraft:killed_by":{"minecraft:player":1},"minecraft:crafted":{"minecraft:crafting_table":2,"minecraft:spruce_planks":28,"minecraft:stick":8,"minecraft:wooden_pickaxe":1,"minecraft:wooden_axe":2},"minecraft:picked_up":{"minecraft:stick":1,"minecraft:spruce_sapling":3,"minecraft:spruce_log":15},"minecraft:mined":{"minecraft:grass":1,"minecraft:spruce_log":14,"minecraft:spruce_leaves":33,"minecraft:fern":2}},"DataVersion":3465}