{"stats":{"minecraft:killed_by":{"minecraft:zombie":1},"minecraft:used":{"alexsmobs:animal_dictionary":1},"minecraft:killed":{"minecraft:zombie":1},"minecraft:custom":{"minecraft:time_since_rest":118,"minecraft:walk_one_cm":14590,"minecraft:sprint_one_cm":19109,"minecraft:play_time":11102,"minecraft:damage_taken":737,"tombstone:undead_killed":1,"minecraft:deaths":3,"minecraft:trigger_trapped_chest":1,"minecraft:mob_kills":1,"minecraft:damage_dealt_resisted":0,"minecraft:jump":100,"minecraft:damage_dealt":184,"minecraft:leave_game":4,"minecraft:time_since_death":812,"minecraft:total_world_time":11102,"minecraft:fall_one_cm":1175,"minecraft:fly_one_cm":24049},"minecraft:picked_up":{"minecraft:book":18,"minecraft:item_frame":2,"apotheosis:gem":4,"minecraft:flower_pot":3,"minecraft:rotten_flesh":2,"minecraft:stone_bricks":3,"minecraft:spruce_planks":8,"minecraft:spruce_slab":5,"minecraft:cobblestone_wall":5,"minecraft:lily_of_the_valley":2,"minecraft:cornflower":1}},"DataVersion":3465}