{"stats":{"minecraft:killed_by":{"minecraft:skeleton":1},"minecraft:picked_up":{"minecraft:spruce_log":1},"minecraft:custom":{"minecraft:jump":13,"minecraft:time_since_rest":1023,"minecraft:damage_taken":280,"minecraft:leave_game":3,"minecraft:crouch_one_cm":141,"minecraft:time_since_death":991,"minecraft:play_time":7650,"minecraft:walk_one_cm":5339,"minecraft:deaths":1,"minecraft:sneak_time":248,"minecraft:total_world_time":7650,"minecraft:fall_one_cm":1131,"minecraft:fly_one_cm":10371},"minecraft:mined":{"minecraft:spruce_leaves":4,"minecraft:spruce_log":1}},"DataVersion":3465}