{"stats":{"minecraft:killed_by":{"irons_spellbooks:necromancer":3,"minecraft:zombie":1},"minecraft:used":{"minecraft:iron_axe":91,"minecraft:stone_bricks":12,"minecraft:item_frame":3,"minecraft:crafting_table":3,"minecraft:cobblestone_wall":4,"tombstone:gift":2,"alexsmobs:animal_dictionary":1,"minecraft:golden_chestplate":1},"minecraft:killed":{"iceandfire:hippocampus":1,"minecraft:sheep":1,"minecraft:skeleton":1,"treasure2:bound_soul":1,"minecraft:zombie":2,"irons_spellbooks:summoned_skeleton":1,"irons_spellbooks:necromancer":1},"minecraft:mined":{"minecraft:crafting_table":3,"minecraft:grass":3,"minecraft:tall_grass":3,"ars_nouveau:purple_archwood_log":59},"minecraft:custom":{"minecraft:time_since_rest":5568,"minecraft:sprint_one_cm":53349,"minecraft:damage_taken":1627,"minecraft:walk_one_cm":43021,"minecraft:trigger_trapped_chest":1,"minecraft:mob_kills":8,"minecraft:drop":1,"minecraft:damage_dealt":1599,"minecraft:swim_one_cm":8820,"minecraft:interact_with_crafting_table":5,"minecraft:fly_one_cm":73859,"minecraft:player_kills":1,"minecraft:play_time":23102,"tombstone:undead_killed":6,"minecraft:deaths":6,"minecraft:sneak_time":12,"minecraft:walk_under_water_one_cm":1772,"tombstone:tomb_raiding":1,"minecraft:jump":286,"minecraft:damage_dealt_resisted":0,"minecraft:leave_game":4,"minecraft:walk_on_water_one_cm":2878,"minecraft:time_since_death":5878,"minecraft:total_world_time":23102,"minecraft:fall_one_cm":5438},"minecraft:picked_up":{"minecraft:book":18,"minecraft:crafting_table":2,"ars_nouveau:purple_archwood_log":49,"apotheosis:gem":4,"vampirism:item_tent":1,"minecraft:flower_pot":3,"vampirism:fire_place":1,"ars_nouveau:purple_archwood_sapling":5,"iceandfire:shiny_scales":3,"ars_nouveau:bastion_pod":3,"minecraft:stone_brick_stairs":4,"minecraft:cobblestone_wall":6,"minecraft:lily_of_the_valley":2,"minecraft:cornflower":1,"minecraft:item_frame":4,"minecraft:bone":1,"minecraft:arrow":2,"minecraft:rotten_flesh":2,"minecraft:stone_bricks":4,"irons_spellbooks:arcane_essence":2,"minecraft:wheat_seeds":1,"minecraft:spruce_planks":8,"minecraft:spruce_slab":5,"minecraft:mutton":1,"minecraft:oak_planks":21,"minecraft:iron_bars":2,"minecraft:white_wool":1},"minecraft:crafted":{"ars_nouveau:archwood_planks":36,"minecraft:crafting_table":1,"minecraft:stick":4,"minecraft:stone_pickaxe":1},"minecraft:dropped":{"minecraft:wheat_seeds":1}},"DataVersion":3465}