{"stats":{"minecraft:mined":{"minecraft:sand":4},"minecraft:used":{"minecraft:sand":4,"alexsmobs:animal_dictionary":1},"minecraft:custom":{"minecraft:time_since_rest":2117,"minecraft:sprint_one_cm":12254,"minecraft:crouch_one_cm":20,"minecraft:play_time":15704,"minecraft:damage_taken":893,"minecraft:deaths":2,"minecraft:walk_one_cm":17768,"minecraft:sneak_time":203,"minecraft:trigger_trapped_chest":1,"minecraft:jump":69,"minecraft:leave_game":3,"minecraft:time_since_death":0,"minecraft:total_world_time":15704,"minecraft:fall_one_cm":2044,"minecraft:fly_one_cm":106035},"minecraft:picked_up":{"minecraft:name_tag":2,"apotheosis:gem":4,"iceandfire:dragonbone":9,"minecraft:slime_ball":5,"minecraft:diamond":1,"minecraft:bucket":1,"iceandfire:dragon_skull_fire":1,"minecraft:enchanted_book":2,"minecraft:sand":4,"minecraft:gold_ingot":1}},"DataVersion":3465}