{"stats":{"minecraft:killed_by":{"minecraft:skeleton":1},"minecraft:picked_up":{"minecraft:feather":3,"minecraft:chicken":2,"minecraft:brown_mushroom":6,"minecraft:wheat_seeds":2,"minecraft:porkchop":2,"minecraft:spruce_log":9,"minecraft:dirt":1},"minecraft:used":{"minecraft:porkchop":1},"minecraft:custom":{"minecraft:time_since_rest":7507,"minecraft:deaths":1,"minecraft:crouch_one_cm":450,"minecraft:sprint_one_cm":8829,"minecraft:play_time":23846,"minecraft:damage_taken":295,"minecraft:walk_one_cm":90439,"minecraft:sneak_time":62,"minecraft:walk_under_water_one_cm":8060,"minecraft:mob_kills":3,"minecraft:drop":3,"minecraft:jump":118,"minecraft:damage_dealt":279,"minecraft:time_since_death":7466,"minecraft:walk_on_water_one_cm":6431,"minecraft:total_world_time":23846,"minecraft:fly_one_cm":22035,"minecraft:fall_one_cm":4637},"minecraft:mined":{"minecraft:podzol":1,"minecraft:brown_mushroom":6,"minecraft:spruce_leaves":8,"minecraft:spruce_log":7,"minecraft:fern":3},"minecraft:killed":{"minecraft:pig":1,"minecraft:chicken":2},"minecraft:crafted":{"minecraft:spruce_planks":12},"minecraft:dropped":{"minecraft:spruce_log":3}},"DataVersion":3465}