{"stats":{"minecraft:mined":{"minecraft:hay_block":4,"minecraft:crafting_table":1,"minecraft:oak_log":5,"minecraft:dead_bush":3,"minecraft:sand":12,"minecraft:oak_planks":1,"minecraft:sandstone":9},"minecraft:crafted":{"minecraft:wooden_sword":1,"minecraft:oak_planks":20,"minecraft:crafting_table":1,"minecraft:wooden_pickaxe":1,"minecraft:wooden_axe":1,"minecraft:bread":12,"minecraft:wheat":36},"minecraft:killed":{"minecraft:husk":1,"minecraft:spider":1},"minecraft:dropped":{"tombstone:grave_dust":1},"minecraft:used":{"minecraft:wooden_axe":6,"minecraft:bread":1,"minecraft:oak_planks":1,"minecraft:wooden_pickaxe":9,"minecraft:wooden_sword":9,"minecraft:sand":12,"minecraft:crafting_table":2,"minecraft:oak_sapling":3,"tombstone:gift":1},"minecraft:custom":{"minecraft:time_since_rest":1254,"minecraft:sprint_one_cm":17725,"minecraft:damage_taken":360,"minecraft:walk_one_cm":20201,"minecraft:mob_kills":4,"minecraft:drop":1,"minecraft:damage_dealt":438,"minecraft:interact_with_crafting_table":2,"minecraft:fly_one_cm":35599,"tombstone:undead_killed":1,"minecraft:play_time":7915,"minecraft:deaths":1,"minecraft:sneak_time":2,"minecraft:damage_dealt_resisted":0,"minecraft:jump":167,"minecraft:time_since_death":2043,"minecraft:total_world_time":7915,"minecraft:fall_one_cm":3880},"minecraft:picked_up":{"minecraft:stick":5,"minecraft:crafting_table":1,"minecraft:sandstone":9,"minecraft:sand":12,"minecraft:oak_log":5,"minecraft:iron_leggings":1,"minecraft:arrow":2,"minecraft:bone":2,"minecraft:rotten_flesh":2,"minecraft:hay_block":4,"minecraft:oak_sapling":3,"minecraft:oak_planks":1}},"DataVersion":3465}