{"stats":{"minecraft:killed_by":{"minecraft:player":1},"minecraft:used":{"minecraft:crafting_table":1,"minecraft:bread":1,"alexsmobs:animal_dictionary":1},"minecraft:picked_up":{"minecraft:stick":3,"minecraft:crafting_table":1,"vampirism:item_tent":1,"vampirism:fire_place":1,"treasure2:gold_coin":1,"minecraft:oak_log":8,"minecraft:mossy_stone_bricks":5,"minecraft:bread":1,"minecraft:oak_sapling":4},"minecraft:mined":{"minecraft:grass":2,"minecraft:oak_log":8,"vampirism:fire_place":1,"ars_nouveau:green_archwood_leaves":1,"minecraft:oak_leaves":8,"vampirism:tent":1},"minecraft:custom":{"minecraft:time_since_rest":780,"minecraft:deaths":1,"minecraft:play_time":7148,"minecraft:sprint_one_cm":33785,"minecraft:damage_taken":395,"minecraft:walk_one_cm":7397,"minecraft:sneak_time":77,"minecraft:drop":1,"minecraft:jump":154,"minecraft:time_since_death":1429,"minecraft:total_world_time":7148,"minecraft:interact_with_crafting_table":1,"minecraft:fall_one_cm":3046,"minecraft:fly_one_cm":40532},"minecraft:crafted":{"minecraft:oak_planks":32,"minecraft:crafting_table":1,"minecraft:stick":8,"minecraft:wooden_pickaxe":1},"minecraft:dropped":{"treasure2:gold_coin":1}},"DataVersion":3465}