{
  "iceandfire:iceandfire/root": {
    "criteria": {
      "tick": "2024-09-14 00:26:19 +0000"
    },
    "done": true
  },
  "ars_nouveau:root": {
    "criteria": {
      "ars_nouveau:worn_notebook": "2024-09-14 00:26:19 +0000"
    },
    "done": true
  },
  "create:root": {
    "criteria": {
      "0": "2024-09-14 00:26:19 +0000"
    },
    "done": true
  },
  "treasure2:grant_book_on_first_join": {
    "criteria": {
      "tick": "2024-09-14 00:26:19 +0000"
    },
    "done": true
  },
  "mekanism:root": {
    "criteria": {
      "automatic": "2024-09-14 00:26:19 +0000"
    },
    "done": true
  },
  "betterdungeons:root": {
    "criteria": {
      "always": "2024-09-14 00:26:19 +0000"
    },
    "done": true
  },
  "apotheosis:give_book": {
    "criteria": {
      "tick": "2024-09-14 00:26:19 +0000"
    },
    "done": true
  },
  "irons_spellbooks:grant_patchouli": {
    "criteria": {
      "tick": "2024-09-14 00:26:19 +0000"
    },
    "done": true
  },
  "minecraft:adventure/adventuring_time": {
    "criteria": {
      "minecraft:desert": "2024-09-14 00:26:21 +0000"
    },
    "done": false
  },
  "tombstone:adventure/root": {
    "criteria": {
      "auto": "2024-09-14 00:26:21 +0000"
    },
    "done": true
  },
  "DataVersion": 3465
}