{
  "iceandfire:iceandfire/root": {
    "criteria": {
      "tick": "2024-09-14 14:39:19 +0000"
    },
    "done": true
  },
  "betterdungeons:root": {
    "criteria": {
      "always": "2024-09-14 14:39:19 +0000"
    },
    "done": true
  },
  "apotheosis:give_book": {
    "criteria": {
      "tick": "2024-09-14 14:39:19 +0000"
    },
    "done": true
  },
  "ars_nouveau:root": {
    "criteria": {
      "ars_nouveau:worn_notebook": "2024-09-14 14:39:19 +0000"
    },
    "done": true
  },
  "irons_spellbooks:grant_patchouli": {
    "criteria": {
      "tick": "2024-09-14 14:39:19 +0000"
    },
    "done": true
  },
  "treasure2:grant_book_on_first_join": {
    "criteria": {
      "tick": "2024-09-14 14:39:19 +0000"
    },
    "done": true
  },
  "minecraft:adventure/adventuring_time": {
    "criteria": {
      "minecraft:sunflower_plains": "2024-09-14 15:10:22 +0000",
      "minecraft:ocean": "2024-09-14 15:21:20 +0000",
      "minecraft:plains": "2024-09-14 14:39:21 +0000"
    },
    "done": false
  },
  "tombstone:adventure/root": {
    "criteria": {
      "auto": "2024-09-14 14:39:21 +0000"
    },
    "done": true
  },
  "ars_nouveau:recipes/misc/dull_trinket": {
    "criteria": {
      "has_journal": "2024-09-14 14:52:59 +0000"
    },
    "done": true
  },
  "ars_nouveau:recipes/misc/ritual_flight": {
    "criteria": {
      "has_journal": "2024-09-14 14:52:59 +0000"
    },
    "done": true
  },
  "ars_nouveau:recipes/building_blocks/smooth_gilded_sourcestone_basketweave_stonecutter_stair": {
    "criteria": {
      "has_journal": "2024-09-14 14:52:59 +0000"
    },
    "done": true
  },
  "ars_nouveau:recipes/misc/arcane_pedestal": {
    "criteria": {
      "has_journal": "2024-09-14 14:52:59 +0000"
    },
    "done": true
  },
  "ars_nouveau:recipes/building_blocks/smooth_gilded_sourcestone_large_bricks_stonecutter_stair": {
    "criteria": {
      "has_journal": "2024-09-14 14:52:59 +0000"
    },
    "done": true
  },
  "ars_nouveau:recipes/building_blocks/smooth_gilded_sourcestone_mosaic_stone_cutterslab": {
    "criteria": {
      "has_journal": "2024-09-14 14:52:59 +0000"
    },
    "done": true
  },
  "ars_nouveau:recipes/misc/fire_essence_to_charge": {
    "criteria": {
      "has_journal": "2024-09-14 14:52:59 +0000"
    },
    "done": true
  },
  "ars_nouveau:recipes/misc/ritual_fertility": {
    "criteria": {
      "has_journal": "2024-09-14 14:52:59 +0000"
    },
    "done": true
  },
  "ars_nouveau:recipes/misc/spike_to_dye": {
    "criteria": {
      "has_journal": "2024-09-14 14:52:59 +0000"
    },
    "done": true
  },
  "ars_nouveau:recipes/misc/rotating_turret_to_basic_spell_turret": {
    "criteria": {
      "has_journal": "2024-09-14 14:52:59 +0000"
    },
    "done": true
  },
  "ars_nouveau:recipes/misc/ritual_moonfall": {
    "criteria": {
      "has_journal": "2024-09-14 14:52:59 +0000"
    },
    "done": true
  },
  "ars_nouveau:recipes/misc/ritual_gravity": {
    "criteria": {
      "has_journal": "2024-09-14 14:52:59 +0000"
    },
    "done": true
  },
  "ars_nouveau:recipes/misc/polished_sconce": {
    "criteria": {
      "has_journal": "2024-09-14 14:52:59 +0000"
    },
    "done": true
  },
  "ars_nouveau:recipes/building_blocks/smooth_sourcestone_basketweave_slab": {
    "criteria": {
      "has_journal": "2024-09-14 14:52:59 +0000"
    },
    "done": true
  },
  "ars_nouveau:recipes/building_blocks/smooth_sourcestone_mosaic_stonecutter_stair": {
    "criteria": {
      "has_journal": "2024-09-14 14:52:59 +0000"
    },
    "done": true
  },
  "ars_nouveau:recipes/misc/gilded_sourcestone_large_bricks_to_sourcestone": {
    "criteria": {
      "has_journal": "2024-09-14 14:52:59 +0000"
    },
    "done": true
  },
  "ars_nouveau:recipes/misc/ritual_animal_summon": {
    "criteria": {
      "has_journal": "2024-09-14 14:52:59 +0000"
    },
    "done": true
  },
  "ars_nouveau:recipes/building_blocks/sourcestone_small_bricks_stonecutter_stair": {
    "criteria": {
      "has_journal": "2024-09-14 14:52:59 +0000"
    },
    "done": true
  },
  "ars_nouveau:recipes/building_blocks/smooth_sourcestone_small_bricks_stone_cutterslab": {
    "criteria": {
      "has_journal": "2024-09-14 14:52:59 +0000"
    },
    "done": true
  },
  "ars_nouveau:recipes/misc/magelight_torch": {
    "criteria": {
      "has_journal": "2024-09-14 14:52:59 +0000"
    },
    "done": true
  },
  "ars_nouveau:recipes/building_blocks/gilded_sourcestone_mosaic_stonecutter_stair": {
    "criteria": {
      "has_journal": "2024-09-14 14:52:59 +0000"
    },
    "done": true
  },
  "ars_nouveau:recipes/misc/ritual_scrying": {
    "criteria": {
      "has_journal": "2024-09-14 14:52:59 +0000"
    },
    "done": true
  },
  "ars_nouveau:recipes/misc/wipe_starby_shard": {
    "criteria": {
      "has_journal": "2024-09-14 14:52:59 +0000"
    },
    "done": true
  },
  "ars_nouveau:recipes/building_blocks/smooth_sourcestone_slab": {
    "criteria": {
      "has_journal": "2024-09-14 14:52:59 +0000"
    },
    "done": true
  },
  "ars_nouveau:recipes/misc/platform_to_pedestal": {
    "criteria": {
      "has_journal": "2024-09-14 14:52:59 +0000"
    },
    "done": true
  },
  "ars_nouveau:recipes/building_blocks/gilded_sourcestone_large_bricks_slab": {
    "criteria": {
      "has_journal": "2024-09-14 14:52:59 +0000"
    },
    "done": true
  },
  "ars_nouveau:recipes/misc/sourcestone_basketweave_to_sourcestone": {
    "criteria": {
      "has_journal": "2024-09-14 14:52:59 +0000"
    },
    "done": true
  },
  "ars_nouveau:recipes/building_blocks/smooth_sourcestone_basketweave_stonecutter_stair": {
    "criteria": {
      "has_journal": "2024-09-14 14:52:59 +0000"
    },
    "done": true
  },
  "ars_nouveau:recipes/building_blocks/smooth_gilded_sourcestone_small_bricks_stonecutter_stair": {
    "criteria": {
      "has_journal": "2024-09-14 14:52:59 +0000"
    },
    "done": true
  },
  "ars_nouveau:recipes/misc/imbuement_chamber": {
    "criteria": {
      "has_journal": "2024-09-14 14:52:59 +0000"
    },
    "done": true
  },
  "ars_nouveau:recipes/building_blocks/sourcestone_large_bricks_stonecutter_stair": {
    "criteria": {
      "has_journal": "2024-09-14 14:52:59 +0000"
    },
    "done": true
  },
  "ars_nouveau:recipes/misc/smooth_gilded_sourcestone_large_bricks_to_sourcestone": {
    "criteria": {
      "has_journal": "2024-09-14 14:52:59 +0000"
    },
    "done": true
  },
  "ars_nouveau:recipes/misc/manipulation_essence_to_andesite": {
    "criteria": {
      "has_journal": "2024-09-14 14:52:59 +0000"
    },
    "done": true
  },
  "ars_nouveau:recipes/building_blocks/archwood_slab": {
    "criteria": {
      "has_journal": "2024-09-14 14:52:59 +0000"
    },
    "done": true
  },
  "ars_nouveau:recipes/misc/green_archwood_wood": {
    "criteria": {
      "has_journal": "2024-09-14 14:52:59 +0000"
    },
    "done": true
  },
  "ars_nouveau:recipes/misc/ritual_binding": {
    "criteria": {
      "has_journal": "2024-09-14 14:52:59 +0000"
    },
    "done": true
  },
  "ars_nouveau:recipes/misc/manipulation_essence_to_cascading_sapling": {
    "criteria": {
      "has_journal": "2024-09-14 14:52:59 +0000"
    },
    "done": true
  },
  "ars_nouveau:recipes/misc/alchemical_sourcelink": {
    "criteria": {
      "has_journal": "2024-09-14 14:52:59 +0000"
    },
    "done": true
  },
  "ars_nouveau:recipes/misc/gilded_sourcestone_large_bricks_stairs": {
    "criteria": {
      "has_journal": "2024-09-14 14:52:59 +0000"
    },
    "done": true
  },
  "ars_nouveau:recipes/misc/source_berry_roll": {
    "criteria": {
      "has_journal": "2024-09-14 14:52:59 +0000"
    },
    "done": true
  },
  "ars_nouveau:recipes/misc/wing_to_leather": {
    "criteria": {
      "has_journal": "2024-09-14 14:52:59 +0000"
    },
    "done": true
  },
  "ars_nouveau:recipes/building_blocks/sourcestone_mosaic_stonecutter_stair": {
    "criteria": {
      "has_journal": "2024-09-14 14:52:59 +0000"
    },
    "done": true
  },
  "ars_nouveau:recipes/misc/smooth_sourcestone_stairs": {
    "criteria": {
      "has_journal": "2024-09-14 14:52:59 +0000"
    },
    "done": true
  },
  "ars_nouveau:recipes/misc/smooth_sourcestone_alternating_to_sourcestone": {
    "criteria": {
      "has_journal": "2024-09-14 14:52:59 +0000"
    },
    "done": true
  },
  "ars_nouveau:recipes/misc/runic_chalk": {
    "criteria": {
      "has_journal": "2024-09-14 14:52:59 +0000"
    },
    "done": true
  },
  "ars_nouveau:recipes/misc/falseweave": {
    "criteria": {
      "has_journal": "2024-09-14 14:52:59 +0000"
    },
    "done": true
  },
  "ars_nouveau:recipes/building_blocks/gilded_sourcestone_basketweave_stone_cutterslab": {
    "criteria": {
      "has_journal": "2024-09-14 14:52:59 +0000"
    },
    "done": true
  },
  "ars_nouveau:recipes/misc/ritual_brazier": {
    "criteria": {
      "has_journal": "2024-09-14 14:52:59 +0000"
    },
    "done": true
  },
  "ars_nouveau:recipes/misc/scribes_table": {
    "criteria": {
      "has_journal": "2024-09-14 14:52:59 +0000"
    },
    "done": true
  },
  "ars_nouveau:recipes/misc/manipulation_essence_to_calcite": {
    "criteria": {
      "has_journal": "2024-09-14 14:52:59 +0000"
    },
    "done": true
  },
  "ars_nouveau:recipes/building_blocks/sourcestone_large_bricks_slab": {
    "criteria": {
      "has_journal": "2024-09-14 14:52:59 +0000"
    },
    "done": true
  },
  "ars_nouveau:recipes/misc/archwood_trapdoor": {
    "criteria": {
      "has_journal": "2024-09-14 14:52:59 +0000"
    },
    "done": true
  },
  "ars_nouveau:recipes/misc/manipulation_essence_to_mycelium": {
    "criteria": {
      "has_journal": "2024-09-14 14:52:59 +0000"
    },
    "done": true
  },
  "ars_nouveau:recipes/misc/clear_allow": {
    "criteria": {
      "has_journal": "2024-09-14 14:52:59 +0000"
    },
    "done": true
  },
  "ars_nouveau:recipes/building_blocks/stripped_green_archwood_wood": {
    "criteria": {
      "has_journal": "2024-09-14 14:52:59 +0000"
    },
    "done": true
  },
  "ars_nouveau:recipes/misc/green_sbed": {
    "criteria": {
      "has_journal": "2024-09-14 14:52:59 +0000"
    },
    "done": true
  },
  "ars_nouveau:recipes/building_blocks/gilded_sourcestone_alternating_slab": {
    "criteria": {
      "has_journal": "2024-09-14 14:52:59 +0000"
    },
    "done": true
  },
  "ars_nouveau:recipes/building_blocks/smooth_gilded_sourcestone_basketweave_stone_cutterslab": {
    "criteria": {
      "has_journal": "2024-09-14 14:52:59 +0000"
    },
    "done": true
  },
  "ars_nouveau:recipes/misc/spike_to_arrow": {
    "criteria": {
      "has_journal": "2024-09-14 14:52:59 +0000"
    },
    "done": true
  },
  "ars_nouveau:recipes/misc/void_prism": {
    "criteria": {
      "has_journal": "2024-09-14 14:52:59 +0000"
    },
    "done": true
  },
  "ars_nouveau:recipes/misc/smooth_gilded_sourcestone_basketweave_to_sourcestone": {
    "criteria": {
      "has_journal": "2024-09-14 14:52:59 +0000"
    },
    "done": true
  },
  "ars_nouveau:recipes/misc/blue_sbed": {
    "criteria": {
      "has_journal": "2024-09-14 14:52:59 +0000"
    },
    "done": true
  },
  "ars_nouveau:recipes/misc/relay": {
    "criteria": {
      "has_journal": "2024-09-14 14:52:59 +0000"
    },
    "done": true
  },
  "ars_nouveau:recipes/misc/horn_to_bonemeal": {
    "criteria": {
      "has_journal": "2024-09-14 14:52:59 +0000"
    },
    "done": true
  },
  "ars_nouveau:recipes/misc/ritual_burrowing": {
    "criteria": {
      "has_journal": "2024-09-14 14:52:59 +0000"
    },
    "done": true
  },
  "ars_nouveau:recipes/building_blocks/smooth_gilded_sourcestone_small_bricks_slab": {
    "criteria": {
      "has_journal": "2024-09-14 14:52:59 +0000"
    },
    "done": true
  },
  "ars_nouveau:recipes/misc/ritual_overgrowth": {
    "criteria": {
      "has_journal": "2024-09-14 14:52:59 +0000"
    },
    "done": true
  },
  "ars_nouveau:recipes/misc/ritual_restoration": {
    "criteria": {
      "has_journal": "2024-09-14 14:52:59 +0000"
    },
    "done": true
  },
  "ars_nouveau:recipes/misc/sourcestone": {
    "criteria": {
      "has_journal": "2024-09-14 14:52:59 +0000"
    },
    "done": true
  },
  "ars_nouveau:recipes/building_blocks/smooth_sourcestone_large_bricks_stonecutter_stair": {
    "criteria": {
      "has_journal": "2024-09-14 14:52:59 +0000"
    },
    "done": true
  },
  "ars_nouveau:recipes/building_blocks/smooth_gilded_sourcestone_alternating_slab": {
    "criteria": {
      "has_journal": "2024-09-14 14:52:59 +0000"
    },
    "done": true
  },
  "ars_nouveau:recipes/misc/smooth_sourcestone_large_bricks_to_sourcestone": {
    "criteria": {
      "has_journal": "2024-09-14 14:52:59 +0000"
    },
    "done": true
  },
  "ars_nouveau:recipes/misc/worn_notebook": {
    "criteria": {
      "has_journal": "2024-09-14 14:52:59 +0000"
    },
    "done": true
  },
  "ars_nouveau:recipes/misc/smooth_sourcestone_to_sourcestone": {
    "criteria": {
      "has_journal": "2024-09-14 14:52:59 +0000"
    },
    "done": true
  },
  "ars_nouveau:recipes/decorations/sourcestone_19": {
    "criteria": {
      "has_journal": "2024-09-14 14:52:59 +0000"
    },
    "done": true
  },
  "ars_nouveau:recipes/decorations/sourcestone_18": {
    "criteria": {
      "has_journal": "2024-09-14 14:52:59 +0000"
    },
    "done": true
  },
  "ars_nouveau:recipes/decorations/sourcestone_11": {
    "criteria": {
      "has_journal": "2024-09-14 14:52:59 +0000"
    },
    "done": true
  },
  "ars_nouveau:recipes/decorations/sourcestone_10": {
    "criteria": {
      "has_journal": "2024-09-14 14:52:59 +0000"
    },
    "done": true
  },
  "ars_nouveau:recipes/decorations/sourcestone_13": {
    "criteria": {
      "has_journal": "2024-09-14 14:52:59 +0000"
    },
    "done": true
  },
  "ars_nouveau:recipes/decorations/sourcestone_12": {
    "criteria": {
      "has_journal": "2024-09-14 14:52:59 +0000"
    },
    "done": true
  },
  "ars_nouveau:recipes/decorations/sourcestone_15": {
    "criteria": {
      "has_journal": "2024-09-14 14:52:59 +0000"
    },
    "done": true
  },
  "ars_nouveau:recipes/decorations/sourcestone_14": {
    "criteria": {
      "has_journal": "2024-09-14 14:52:59 +0000"
    },
    "done": true
  },
  "ars_nouveau:recipes/misc/potion_jar_empty": {
    "criteria": {
      "has_journal": "2024-09-14 14:52:59 +0000"
    },
    "done": true
  },
  "ars_nouveau:recipes/decorations/sourcestone_17": {
    "criteria": {
      "has_journal": "2024-09-14 14:52:59 +0000"
    },
    "done": true
  },
  "ars_nouveau:recipes/decorations/sourcestone_16": {
    "criteria": {
      "has_journal": "2024-09-14 14:52:59 +0000"
    },
    "done": true
  },
  "ars_nouveau:recipes/misc/fire_essence_to_magma_block": {
    "criteria": {
      "has_journal": "2024-09-14 14:52:59 +0000"
    },
    "done": true
  },
  "ars_nouveau:recipes/misc/sunrise_2": {
    "criteria": {
      "has_journal": "2024-09-14 14:52:59 +0000"
    },
    "done": true
  },
  "ars_nouveau:recipes/misc/smooth_gilded_sourcestone_large_bricks_stairs": {
    "criteria": {
      "has_journal": "2024-09-14 14:52:59 +0000"
    },
    "done": true
  },
  "ars_nouveau:recipes/misc/ritual_sanctuary": {
    "criteria": {
      "has_journal": "2024-09-14 14:52:59 +0000"
    },
    "done": true
  },
  "ars_nouveau:recipes/misc/source_gem_block": {
    "criteria": {
      "has_journal": "2024-09-14 14:52:59 +0000"
    },
    "done": true
  },
  "ars_nouveau:recipes/building_blocks/archwood_button": {
    "criteria": {
      "has_journal": "2024-09-14 14:52:59 +0000"
    },
    "done": true
  },
  "ars_nouveau:recipes/misc/water_essence_to_obsidian": {
    "criteria": {
      "has_journal": "2024-09-14 14:52:59 +0000"
    },
    "done": true
  },
  "ars_nouveau:recipes/misc/smooth_sourcestone_mosaic_stairs": {
    "criteria": {
      "has_journal": "2024-09-14 14:52:59 +0000"
    },
    "done": true
  },
  "ars_nouveau:recipes/building_blocks/stripped_purple_archwood_wood": {
    "criteria": {
      "has_journal": "2024-09-14 14:52:59 +0000"
    },
    "done": true
  },
  "ars_nouveau:recipes/misc/archwood_chest": {
    "criteria": {
      "has_journal": "2024-09-14 14:52:59 +0000"
    },
    "done": true
  },
  "ars_nouveau:recipes/building_blocks/archwood_pressure_plate": {
    "criteria": {
      "has_journal": "2024-09-14 14:52:59 +0000"
    },
    "done": true
  },
  "ars_nouveau:recipes/building_blocks/smooth_sourcestone_stonecutter_stair": {
    "criteria": {
      "has_journal": "2024-09-14 14:52:59 +0000"
    },
    "done": true
  },
  "ars_nouveau:recipes/misc/repository": {
    "criteria": {
      "has_journal": "2024-09-14 14:52:59 +0000"
    },
    "done": true
  },
  "ars_nouveau:recipes/building_blocks/smooth_sourcestone_basketweave_stone_cutterslab": {
    "criteria": {
      "has_journal": "2024-09-14 14:52:59 +0000"
    },
    "done": true
  },
  "ars_nouveau:recipes/building_blocks/smooth_gilded_sourcestone_alternating_stone_cutterslab": {
    "criteria": {
      "has_journal": "2024-09-14 14:52:59 +0000"
    },
    "done": true
  },
  "ars_nouveau:recipes/misc/manipulation_essence_to_diorite": {
    "criteria": {
      "has_journal": "2024-09-14 14:52:59 +0000"
    },
    "done": true
  },
  "ars_nouveau:recipes/misc/deny_scroll": {
    "criteria": {
      "has_journal": "2024-09-14 14:52:59 +0000"
    },
    "done": true
  },
  "ars_nouveau:recipes/misc/archwood_to_chest": {
    "criteria": {
      "has_journal": "2024-09-14 14:52:59 +0000"
    },
    "done": true
  },
  "ars_nouveau:recipes/misc/sourcestone_mosaic_stairs": {
    "criteria": {
      "has_journal": "2024-09-14 14:52:59 +0000"
    },
    "done": true
  },
  "ars_nouveau:recipes/decorations/sourcestone_20": {
    "criteria": {
      "has_journal": "2024-09-14 14:52:59 +0000"
    },
    "done": true
  },
  "ars_nouveau:recipes/misc/gilded_sourcestone_mosaic_to_sourcestone": {
    "criteria": {
      "has_journal": "2024-09-14 14:52:59 +0000"
    },
    "done": true
  },
  "ars_nouveau:recipes/decorations/sourcestone_21": {
    "criteria": {
      "has_journal": "2024-09-14 14:52:59 +0000"
    },
    "done": true
  },
  "ars_nouveau:recipes/misc/annotated_codex": {
    "criteria": {
      "has_journal": "2024-09-14 14:52:59 +0000"
    },
    "done": true
  },
  "ars_nouveau:recipes/misc/rotating_spell_turret": {
    "criteria": {
      "has_journal": "2024-09-14 14:52:59 +0000"
    },
    "done": true
  },
  "ars_nouveau:recipes/building_blocks/gilded_sourcestone_alternating_stone_cutterslab": {
    "criteria": {
      "has_journal": "2024-09-14 14:52:59 +0000"
    },
    "done": true
  },
  "ars_nouveau:recipes/misc/blue_archwood_wood": {
    "criteria": {
      "has_journal": "2024-09-14 14:52:59 +0000"
    },
    "done": true
  },
  "ars_nouveau:recipes/misc/volcanic_sourcelink": {
    "criteria": {
      "has_journal": "2024-09-14 14:52:59 +0000"
    },
    "done": true
  },
  "ars_nouveau:recipes/misc/sourceberry_to_purple": {
    "criteria": {
      "has_journal": "2024-09-14 14:52:59 +0000"
    },
    "done": true
  },
  "ars_nouveau:recipes/building_blocks/sourcestone_large_bricks_stone_cutterslab": {
    "criteria": {
      "has_journal": "2024-09-14 14:52:59 +0000"
    },
    "done": true
  },
  "ars_nouveau:recipes/building_blocks/gilded_sourcestone_alternating_stonecutter_stair": {
    "criteria": {
      "has_journal": "2024-09-14 14:52:59 +0000"
    },
    "done": true
  },
  "ars_nouveau:recipes/misc/clear_deny": {
    "criteria": {
      "has_journal": "2024-09-14 14:52:59 +0000"
    },
    "done": true
  },
  "ars_nouveau:recipes/misc/manipulation_essence_to_granite": {
    "criteria": {
      "has_journal": "2024-09-14 14:52:59 +0000"
    },
    "done": true
  },
  "ars_nouveau:recipes/misc/source_gem_block_2": {
    "criteria": {
      "has_journal": "2024-09-14 14:52:59 +0000"
    },
    "done": true
  },
  "ars_nouveau:recipes/misc/moonfall_2": {
    "criteria": {
      "has_journal": "2024-09-14 14:52:59 +0000"
    },
    "done": true
  },
  "ars_nouveau:recipes/building_blocks/gilded_sourcestone_large_bricks_stone_cutterslab": {
    "criteria": {
      "has_journal": "2024-09-14 14:52:59 +0000"
    },
    "done": true
  },
  "ars_nouveau:recipes/misc/spell_prism": {
    "criteria": {
      "has_journal": "2024-09-14 14:52:59 +0000"
    },
    "done": true
  },
  "ars_nouveau:recipes/misc/arcane_platform": {
    "criteria": {
      "has_journal": "2024-09-14 14:52:59 +0000"
    },
    "done": true
  },
  "ars_nouveau:recipes/misc/smooth_gilded_sourcestone_alternating_to_sourcestone": {
    "criteria": {
      "has_journal": "2024-09-14 14:52:59 +0000"
    },
    "done": true
  },
  "ars_nouveau:recipes/misc/manipulation_essence_to_grass_block": {
    "criteria": {
      "has_journal": "2024-09-14 14:52:59 +0000"
    },
    "done": true
  },
  "ars_nouveau:recipes/misc/greater_experience_gem": {
    "criteria": {
      "has_journal": "2024-09-14 14:52:59 +0000"
    },
    "done": true
  },
  "ars_nouveau:recipes/misc/polished_source_sconce": {
    "criteria": {
      "has_journal": "2024-09-14 14:52:59 +0000"
    },
    "done": true
  },
  "ars_nouveau:recipes/misc/gilded_sourcestone_alternating_stairs": {
    "criteria": {
      "has_journal": "2024-09-14 14:52:59 +0000"
    },
    "done": true
  },
  "ars_nouveau:recipes/building_blocks/archwood_door": {
    "criteria": {
      "has_journal": "2024-09-14 14:52:59 +0000"
    },
    "done": true
  },
  "ars_nouveau:recipes/misc/smooth_gilded_sourcestone_mosaic_stairs": {
    "criteria": {
      "has_journal": "2024-09-14 14:52:59 +0000"
    },
    "done": true
  },
  "ars_nouveau:recipes/misc/sourceberry_sack_to_bush": {
    "criteria": {
      "has_journal": "2024-09-14 14:52:59 +0000"
    },
    "done": true
  },
  "ars_nouveau:recipes/misc/ritual_sunrise": {
    "criteria": {
      "has_journal": "2024-09-14 14:52:59 +0000"
    },
    "done": true
  },
  "ars_nouveau:recipes/misc/wipe_spell_parchment": {
    "criteria": {
      "has_journal": "2024-09-14 14:52:59 +0000"
    },
    "done": true
  },
  "ars_nouveau:recipes/misc/vitalic_sourcelink": {
    "criteria": {
      "has_journal": "2024-09-14 14:52:59 +0000"
    },
    "done": true
  },
  "ars_nouveau:recipes/misc/basic_spell_turret": {
    "criteria": {
      "has_journal": "2024-09-14 14:52:59 +0000"
    },
    "done": true
  },
  "ars_nouveau:recipes/misc/smooth_gilded_sourcestone_small_bricks_stairs": {
    "criteria": {
      "has_journal": "2024-09-14 14:52:59 +0000"
    },
    "done": true
  },
  "ars_nouveau:recipes/misc/wixie_hat": {
    "criteria": {
      "has_journal": "2024-09-14 14:52:59 +0000"
    },
    "done": true
  },
  "ars_nouveau:recipes/building_blocks/sourcestone_basketweave_stone_cutterslab": {
    "criteria": {
      "has_journal": "2024-09-14 14:52:59 +0000"
    },
    "done": true
  },
  "ars_nouveau:recipes/misc/ritual_harvest": {
    "criteria": {
      "has_journal": "2024-09-14 14:52:59 +0000"
    },
    "done": true
  },
  "ars_nouveau:recipes/building_blocks/smooth_sourcestone_small_bricks_slab": {
    "criteria": {
      "has_journal": "2024-09-14 14:52:59 +0000"
    },
    "done": true
  },
  "ars_nouveau:recipes/building_blocks/sourcestone_alternating_stonecutter_stair": {
    "criteria": {
      "has_journal": "2024-09-14 14:52:59 +0000"
    },
    "done": true
  },
  "ars_nouveau:recipes/building_blocks/gilded_sourcestone_small_bricks_stonecutter_stair": {
    "criteria": {
      "has_journal": "2024-09-14 14:52:59 +0000"
    },
    "done": true
  },
  "ars_nouveau:recipes/misc/source_berry_pie": {
    "criteria": {
      "has_journal": "2024-09-14 14:52:59 +0000"
    },
    "done": true
  },
  "ars_nouveau:recipes/misc/manipulation_essence_to_moss_block": {
    "criteria": {
      "has_journal": "2024-09-14 14:52:59 +0000"
    },
    "done": true
  },
  "ars_nouveau:recipes/building_blocks/smooth_sourcestone_stone_cutterslab": {
    "criteria": {
      "has_journal": "2024-09-14 14:52:59 +0000"
    },
    "done": true
  },
  "ars_nouveau:recipes/building_blocks/gilded_sourcestone_small_bricks_slab": {
    "criteria": {
      "has_journal": "2024-09-14 14:52:59 +0000"
    },
    "done": true
  },
  "ars_nouveau:recipes/misc/archwood_stairs": {
    "criteria": {
      "has_journal": "2024-09-14 14:52:59 +0000"
    },
    "done": true
  },
  "ars_nouveau:recipes/building_blocks/archwood_fence_gate": {
    "criteria": {
      "has_journal": "2024-09-14 14:52:59 +0000"
    },
    "done": true
  },
  "ars_nouveau:recipes/misc/smooth_sourcestone_large_bricks_stairs": {
    "criteria": {
      "has_journal": "2024-09-14 14:52:59 +0000"
    },
    "done": true
  },
  "ars_nouveau:recipes/misc/scryers_crystal": {
    "criteria": {
      "has_journal": "2024-09-14 14:52:59 +0000"
    },
    "done": true
  },
  "ars_nouveau:recipes/misc/smooth_gilded_sourcestone_basketweave_stairs": {
    "criteria": {
      "has_journal": "2024-09-14 14:52:59 +0000"
    },
    "done": true
  },
  "ars_nouveau:recipes/misc/smooth_sourcestone_alternating_stairs": {
    "criteria": {
      "has_journal": "2024-09-14 14:52:59 +0000"
    },
    "done": true
  },
  "ars_nouveau:recipes/building_blocks/stripped_red_archwood_wood": {
    "criteria": {
      "has_journal": "2024-09-14 14:52:59 +0000"
    },
    "done": true
  },
  "ars_nouveau:recipes/misc/enchanting_apparatus": {
    "criteria": {
      "has_journal": "2024-09-14 14:52:59 +0000"
    },
    "done": true
  },
  "ars_nouveau:recipes/misc/sourcestone_basketweave_stairs": {
    "criteria": {
      "has_journal": "2024-09-14 14:52:59 +0000"
    },
    "done": true
  },
  "ars_nouveau:recipes/building_blocks/smooth_sourcestone_alternating_slab": {
    "criteria": {
      "has_journal": "2024-09-14 14:52:59 +0000"
    },
    "done": true
  },
  "ars_nouveau:recipes/misc/sourcestone_alternating_stairs": {
    "criteria": {
      "has_journal": "2024-09-14 14:52:59 +0000"
    },
    "done": true
  },
  "ars_nouveau:recipes/misc/conjuration_essence_to_soul_sand": {
    "criteria": {
      "has_journal": "2024-09-14 14:52:59 +0000"
    },
    "done": true
  },
  "ars_nouveau:recipes/misc/manipulation_essence_to_deepslate": {
    "criteria": {
      "has_journal": "2024-09-14 14:52:59 +0000"
    },
    "done": true
  },
  "ars_nouveau:recipes/misc/dowsing_rod": {
    "criteria": {
      "has_journal": "2024-09-14 14:52:59 +0000"
    },
    "done": true
  },
  "ars_nouveau:recipes/misc/gilded_sourcestone_basketweave_to_sourcestone": {
    "criteria": {
      "has_journal": "2024-09-14 14:52:59 +0000"
    },
    "done": true
  },
  "ars_nouveau:recipes/misc/smooth_sourcestone_small_bricks_to_sourcestone": {
    "criteria": {
      "has_journal": "2024-09-14 14:52:59 +0000"
    },
    "done": true
  },
  "ars_nouveau:recipes/building_blocks/stripped_blue_archwood_wood": {
    "criteria": {
      "has_journal": "2024-09-14 14:52:59 +0000"
    },
    "done": true
  },
  "ars_nouveau:recipes/misc/ritual_forestation": {
    "criteria": {
      "has_journal": "2024-09-14 14:52:59 +0000"
    },
    "done": true
  },
  "ars_nouveau:recipes/misc/sky_block": {
    "criteria": {
      "has_journal": "2024-09-14 14:52:59 +0000"
    },
    "done": true
  },
  "ars_nouveau:recipes/misc/orange_sbed": {
    "criteria": {
      "has_journal": "2024-09-14 14:52:59 +0000"
    },
    "done": true
  },
  "ars_nouveau:recipes/misc/blank_thread": {
    "criteria": {
      "has_journal": "2024-09-14 14:52:59 +0000"
    },
    "done": true
  },
  "ars_nouveau:recipes/misc/archwood_sconce": {
    "criteria": {
      "has_journal": "2024-09-14 14:52:59 +0000"
    },
    "done": true
  },
  "ars_nouveau:recipes/building_blocks/gilded_sourcestone_large_bricks_stonecutter_stair": {
    "criteria": {
      "has_journal": "2024-09-14 14:52:59 +0000"
    },
    "done": true
  },
  "ars_nouveau:recipes/building_blocks/sourcestone_small_bricks_slab": {
    "criteria": {
      "has_journal": "2024-09-14 14:52:59 +0000"
    },
    "done": true
  },
  "ars_nouveau:recipes/misc/ritual_cloudshaping": {
    "criteria": {
      "has_journal": "2024-09-14 14:52:59 +0000"
    },
    "done": true
  },
  "ars_nouveau:recipes/misc/mycelial_sourcelink": {
    "criteria": {
      "has_journal": "2024-09-14 14:52:59 +0000"
    },
    "done": true
  },
  "ars_nouveau:recipes/building_blocks/smooth_sourcestone_small_bricks_stonecutter_stair": {
    "criteria": {
      "has_journal": "2024-09-14 14:52:59 +0000"
    },
    "done": true
  },
  "ars_nouveau:recipes/misc/water_essence_to_bucket": {
    "criteria": {
      "has_journal": "2024-09-14 14:52:59 +0000"
    },
    "done": true
  },
  "ars_nouveau:recipes/building_blocks/smooth_gilded_sourcestone_large_bricks_stone_cutterslab": {
    "criteria": {
      "has_journal": "2024-09-14 14:52:59 +0000"
    },
    "done": true
  },
  "ars_nouveau:recipes/building_blocks/smooth_gilded_sourcestone_alternating_stonecutter_stair": {
    "criteria": {
      "has_journal": "2024-09-14 14:52:59 +0000"
    },
    "done": true
  },
  "ars_nouveau:recipes/building_blocks/smooth_sourcestone_mosaic_stone_cutterslab": {
    "criteria": {
      "has_journal": "2024-09-14 14:52:59 +0000"
    },
    "done": true
  },
  "ars_nouveau:recipes/misc/magebloom_block": {
    "criteria": {
      "has_journal": "2024-09-14 14:52:59 +0000"
    },
    "done": true
  },
  "ars_nouveau:recipes/decorations/sourcestone_6": {
    "criteria": {
      "has_journal": "2024-09-14 14:52:59 +0000"
    },
    "done": true
  },
  "ars_nouveau:recipes/decorations/sourcestone_5": {
    "criteria": {
      "has_journal": "2024-09-14 14:52:59 +0000"
    },
    "done": true
  },
  "ars_nouveau:recipes/decorations/sourcestone_8": {
    "criteria": {
      "has_journal": "2024-09-14 14:52:59 +0000"
    },
    "done": true
  },
  "ars_nouveau:recipes/decorations/sourcestone_7": {
    "criteria": {
      "has_journal": "2024-09-14 14:52:59 +0000"
    },
    "done": true
  },
  "ars_nouveau:recipes/decorations/sourcestone_9": {
    "criteria": {
      "has_journal": "2024-09-14 14:52:59 +0000"
    },
    "done": true
  },
  "ars_nouveau:recipes/decorations/sourcestone_2": {
    "criteria": {
      "has_journal": "2024-09-14 14:52:59 +0000"
    },
    "done": true
  },
  "ars_nouveau:recipes/decorations/sourcestone_1": {
    "criteria": {
      "has_journal": "2024-09-14 14:52:59 +0000"
    },
    "done": true
  },
  "ars_nouveau:recipes/decorations/sourcestone_4": {
    "criteria": {
      "has_journal": "2024-09-14 14:52:59 +0000"
    },
    "done": true
  },
  "ars_nouveau:recipes/decorations/sourcestone_3": {
    "criteria": {
      "has_journal": "2024-09-14 14:52:59 +0000"
    },
    "done": true
  },
  "ars_nouveau:recipes/misc/blank_parchment": {
    "criteria": {
      "has_journal": "2024-09-14 14:52:59 +0000"
    },
    "done": true
  },
  "ars_nouveau:recipes/misc/sourcestone_small_bricks_stairs": {
    "criteria": {
      "has_journal": "2024-09-14 14:52:59 +0000"
    },
    "done": true
  },
  "ars_nouveau:recipes/misc/smooth_sourcestone_mosaic_to_sourcestone": {
    "criteria": {
      "has_journal": "2024-09-14 14:52:59 +0000"
    },
    "done": true
  },
  "ars_nouveau:recipes/building_blocks/archwood_fence": {
    "criteria": {
      "has_journal": "2024-09-14 14:52:59 +0000"
    },
    "done": true
  },
  "ars_nouveau:recipes/misc/archwood_planks": {
    "criteria": {
      "has_journal": "2024-09-14 14:52:59 +0000"
    },
    "done": true
  },
  "ars_nouveau:recipes/misc/potion_jar": {
    "criteria": {
      "has_journal": "2024-09-14 14:52:59 +0000"
    },
    "done": true
  },
  "ars_nouveau:recipes/misc/sourcestone_small_bricks_to_sourcestone": {
    "criteria": {
      "has_journal": "2024-09-14 14:52:59 +0000"
    },
    "done": true
  },
  "ars_nouveau:recipes/misc/smooth_sourcestone_small_bricks_stairs": {
    "criteria": {
      "has_journal": "2024-09-14 14:52:59 +0000"
    },
    "done": true
  },
  "ars_nouveau:recipes/misc/air_essence_to_snow_bucket": {
    "criteria": {
      "has_journal": "2024-09-14 14:52:59 +0000"
    },
    "done": true
  },
  "ars_nouveau:recipes/misc/red_archwood_wood": {
    "criteria": {
      "has_journal": "2024-09-14 14:52:59 +0000"
    },
    "done": true
  },
  "ars_nouveau:recipes/misc/sourcestone_sconce": {
    "criteria": {
      "has_journal": "2024-09-14 14:52:59 +0000"
    },
    "done": true
  },
  "ars_nouveau:recipes/misc/ritual_disintegration": {
    "criteria": {
      "has_journal": "2024-09-14 14:52:59 +0000"
    },
    "done": true
  },
  "ars_nouveau:recipes/building_blocks/smooth_gilded_sourcestone_mosaic_slab": {
    "criteria": {
      "has_journal": "2024-09-14 14:52:59 +0000"
    },
    "done": true
  },
  "ars_nouveau:recipes/misc/ritual_awakening": {
    "criteria": {
      "has_journal": "2024-09-14 14:52:59 +0000"
    },
    "done": true
  },
  "ars_nouveau:recipes/misc/warp_scroll": {
    "criteria": {
      "has_journal": "2024-09-14 14:52:59 +0000"
    },
    "done": true
  },
  "ars_nouveau:recipes/misc/mimic_scroll": {
    "criteria": {
      "has_journal": "2024-09-14 14:52:59 +0000"
    },
    "done": true
  },
  "ars_nouveau:recipes/misc/ring_of_potential": {
    "criteria": {
      "has_journal": "2024-09-14 14:52:59 +0000"
    },
    "done": true
  },
  "ars_nouveau:recipes/misc/allow_scroll": {
    "criteria": {
      "has_journal": "2024-09-14 14:52:59 +0000"
    },
    "done": true
  },
  "ars_nouveau:recipes/misc/magebloom_fiber": {
    "criteria": {
      "has_journal": "2024-09-14 14:52:59 +0000"
    },
    "done": true
  },
  "ars_nouveau:recipes/misc/red_sbed": {
    "criteria": {
      "has_journal": "2024-09-14 14:52:59 +0000"
    },
    "done": true
  },
  "ars_nouveau:recipes/misc/redstone_relay": {
    "criteria": {
      "has_journal": "2024-09-14 14:52:59 +0000"
    },
    "done": true
  },
  "ars_nouveau:recipes/misc/smooth_gilded_sourcestone_alternating_stairs": {
    "criteria": {
      "has_journal": "2024-09-14 14:52:59 +0000"
    },
    "done": true
  },
  "ars_nouveau:recipes/misc/starbuncle_shades": {
    "criteria": {
      "has_journal": "2024-09-14 14:52:59 +0000"
    },
    "done": true
  },
  "ars_nouveau:recipes/misc/source_jar": {
    "criteria": {
      "has_journal": "2024-09-14 14:52:59 +0000"
    },
    "done": true
  },
  "ars_nouveau:recipes/building_blocks/gilded_sourcestone_basketweave_stonecutter_stair": {
    "criteria": {
      "has_journal": "2024-09-14 14:52:59 +0000"
    },
    "done": true
  },
  "ars_nouveau:recipes/misc/wilden_summon_alt": {
    "criteria": {
      "has_journal": "2024-09-14 14:52:59 +0000"
    },
    "done": true
  },
  "ars_nouveau:recipes/building_blocks/sourcestone_basketweave_stonecutter_stair": {
    "criteria": {
      "has_journal": "2024-09-14 14:52:59 +0000"
    },
    "done": true
  },
  "ars_nouveau:recipes/building_blocks/smooth_sourcestone_alternating_stonecutter_stair": {
    "criteria": {
      "has_journal": "2024-09-14 14:52:59 +0000"
    },
    "done": true
  },
  "ars_nouveau:recipes/building_blocks/smooth_gilded_sourcestone_basketweave_slab": {
    "criteria": {
      "has_journal": "2024-09-14 14:52:59 +0000"
    },
    "done": true
  },
  "ars_nouveau:recipes/misc/mundane_belt": {
    "criteria": {
      "has_journal": "2024-09-14 14:52:59 +0000"
    },
    "done": true
  },
  "ars_nouveau:recipes/building_blocks/smooth_gilded_sourcestone_small_bricks_stone_cutterslab": {
    "criteria": {
      "has_journal": "2024-09-14 14:52:59 +0000"
    },
    "done": true
  },
  "ars_nouveau:recipes/building_blocks/smooth_sourcestone_large_bricks_stone_cutterslab": {
    "criteria": {
      "has_journal": "2024-09-14 14:52:59 +0000"
    },
    "done": true
  },
  "ars_nouveau:recipes/misc/ritual_conjure_island_plains": {
    "criteria": {
      "has_journal": "2024-09-14 14:52:59 +0000"
    },
    "done": true
  },
  "ars_nouveau:recipes/misc/mob_jar": {
    "criteria": {
      "has_journal": "2024-09-14 14:52:59 +0000"
    },
    "done": true
  },
  "ars_nouveau:recipes/misc/challenge_2": {
    "criteria": {
      "has_journal": "2024-09-14 14:52:59 +0000"
    },
    "done": true
  },
  "ars_nouveau:recipes/building_blocks/sourcestone_basketweave_slab": {
    "criteria": {
      "has_journal": "2024-09-14 14:52:59 +0000"
    },
    "done": true
  },
  "ars_nouveau:recipes/misc/sourcestone_alternating_to_sourcestone": {
    "criteria": {
      "has_journal": "2024-09-14 14:52:59 +0000"
    },
    "done": true
  },
  "ars_nouveau:recipes/building_blocks/gilded_sourcestone_basketweave_slab": {
    "criteria": {
      "has_journal": "2024-09-14 14:52:59 +0000"
    },
    "done": true
  },
  "ars_nouveau:recipes/misc/manipulation_essence_to_flourishing_sapling": {
    "criteria": {
      "has_journal": "2024-09-14 14:52:59 +0000"
    },
    "done": true
  },
  "ars_nouveau:recipes/building_blocks/sourcestone_alternating_stone_cutterslab": {
    "criteria": {
      "has_journal": "2024-09-14 14:52:59 +0000"
    },
    "done": true
  },
  "ars_nouveau:recipes/misc/sourcestone_mosaic_to_sourcestone": {
    "criteria": {
      "has_journal": "2024-09-14 14:52:59 +0000"
    },
    "done": true
  },
  "ars_nouveau:recipes/misc/gilded_sourcestone_basketweave_stairs": {
    "criteria": {
      "has_journal": "2024-09-14 14:52:59 +0000"
    },
    "done": true
  },
  "ars_nouveau:recipes/building_blocks/sourcestone_alternating_slab": {
    "criteria": {
      "has_journal": "2024-09-14 14:52:59 +0000"
    },
    "done": true
  },
  "ars_nouveau:recipes/misc/ritual_challenge": {
    "criteria": {
      "has_journal": "2024-09-14 14:52:59 +0000"
    },
    "done": true
  },
  "ars_nouveau:recipes/misc/gilded_sourcestone_alternating_to_sourcestone": {
    "criteria": {
      "has_journal": "2024-09-14 14:52:59 +0000"
    },
    "done": true
  },
  "ars_nouveau:recipes/misc/smooth_sourcestone_basketweave_to_sourcestone": {
    "criteria": {
      "has_journal": "2024-09-14 14:52:59 +0000"
    },
    "done": true
  },
  "ars_nouveau:recipes/misc/scry_to_blank_parchment": {
    "criteria": {
      "has_journal": "2024-09-14 14:52:59 +0000"
    },
    "done": true
  },
  "ars_nouveau:recipes/misc/alteration_table": {
    "criteria": {
      "has_journal": "2024-09-14 14:52:59 +0000"
    },
    "done": true
  },
  "ars_nouveau:recipes/misc/experience_gem": {
    "criteria": {
      "has_journal": "2024-09-14 14:52:59 +0000"
    },
    "done": true
  },
  "ars_nouveau:recipes/misc/item_detector": {
    "criteria": {
      "has_journal": "2024-09-14 14:52:59 +0000"
    },
    "done": true
  },
  "ars_nouveau:recipes/misc/ritual_warping": {
    "criteria": {
      "has_journal": "2024-09-14 14:52:59 +0000"
    },
    "done": true
  },
  "ars_nouveau:recipes/misc/gilded_sourcestone_small_bricks_to_sourcestone": {
    "criteria": {
      "has_journal": "2024-09-14 14:52:59 +0000"
    },
    "done": true
  },
  "ars_nouveau:recipes/misc/ghostweave": {
    "criteria": {
      "has_journal": "2024-09-14 14:52:59 +0000"
    },
    "done": true
  },
  "ars_nouveau:recipes/misc/conjuration_essence_to_end_stone": {
    "criteria": {
      "has_journal": "2024-09-14 14:52:59 +0000"
    },
    "done": true
  },
  "ars_nouveau:recipes/misc/manipulation_essence_to_vexing_sapling": {
    "criteria": {
      "has_journal": "2024-09-14 14:52:59 +0000"
    },
    "done": true
  },
  "ars_nouveau:recipes/misc/yellow_sbed": {
    "criteria": {
      "has_journal": "2024-09-14 14:52:59 +0000"
    },
    "done": true
  },
  "ars_nouveau:recipes/building_blocks/gilded_sourcestone_mosaic_slab": {
    "criteria": {
      "has_journal": "2024-09-14 14:52:59 +0000"
    },
    "done": true
  },
  "ars_nouveau:recipes/building_blocks/smooth_gilded_sourcestone_mosaic_stonecutter_stair": {
    "criteria": {
      "has_journal": "2024-09-14 14:52:59 +0000"
    },
    "done": true
  },
  "ars_nouveau:recipes/building_blocks/smooth_sourcestone_large_bricks_slab": {
    "criteria": {
      "has_journal": "2024-09-14 14:52:59 +0000"
    },
    "done": true
  },
  "ars_nouveau:recipes/misc/sourcestone_large_bricks_to_sourcestone": {
    "criteria": {
      "has_journal": "2024-09-14 14:52:59 +0000"
    },
    "done": true
  },
  "ars_nouveau:recipes/misc/ritual_wilden_summon": {
    "criteria": {
      "has_journal": "2024-09-14 14:52:59 +0000"
    },
    "done": true
  },
  "ars_nouveau:recipes/misc/arcane_core": {
    "criteria": {
      "has_journal": "2024-09-14 14:52:59 +0000"
    },
    "done": true
  },
  "ars_nouveau:recipes/building_blocks/smooth_sourcestone_mosaic_slab": {
    "criteria": {
      "has_journal": "2024-09-14 14:52:59 +0000"
    },
    "done": true
  },
  "ars_nouveau:recipes/misc/ritual_conjure_island_desert": {
    "criteria": {
      "has_journal": "2024-09-14 14:52:59 +0000"
    },
    "done": true
  },
  "ars_nouveau:recipes/misc/mirrorweave": {
    "criteria": {
      "has_journal": "2024-09-14 14:52:59 +0000"
    },
    "done": true
  },
  "ars_nouveau:recipes/misc/ritual_containment": {
    "criteria": {
      "has_journal": "2024-09-14 14:52:59 +0000"
    },
    "done": true
  },
  "ars_nouveau:recipes/misc/magebloom_to_pink": {
    "criteria": {
      "has_journal": "2024-09-14 14:52:59 +0000"
    },
    "done": true
  },
  "ars_nouveau:recipes/misc/ritual_flowering": {
    "criteria": {
      "has_journal": "2024-09-14 14:52:59 +0000"
    },
    "done": true
  },
  "ars_nouveau:recipes/misc/purple_sbed": {
    "criteria": {
      "has_journal": "2024-09-14 14:52:59 +0000"
    },
    "done": true
  },
  "ars_nouveau:recipes/building_blocks/smooth_gilded_sourcestone_large_bricks_slab": {
    "criteria": {
      "has_journal": "2024-09-14 14:52:59 +0000"
    },
    "done": true
  },
  "ars_nouveau:recipes/building_blocks/smooth_sourcestone_alternating_stone_cutterslab": {
    "criteria": {
      "has_journal": "2024-09-14 14:52:59 +0000"
    },
    "done": true
  },
  "ars_nouveau:recipes/misc/magebloom_block_to_magebloom": {
    "criteria": {
      "has_journal": "2024-09-14 14:52:59 +0000"
    },
    "done": true
  },
  "ars_nouveau:recipes/misc/smooth_sourcestone_basketweave_stairs": {
    "criteria": {
      "has_journal": "2024-09-14 14:52:59 +0000"
    },
    "done": true
  },
  "ars_nouveau:recipes/misc/sourceberry_sack": {
    "criteria": {
      "has_journal": "2024-09-14 14:52:59 +0000"
    },
    "done": true
  },
  "ars_nouveau:recipes/misc/manipulation_essence_to_blazin_sapling": {
    "criteria": {
      "has_journal": "2024-09-14 14:52:59 +0000"
    },
    "done": true
  },
  "ars_nouveau:recipes/building_blocks/gilded_sourcestone_mosaic_stone_cutterslab": {
    "criteria": {
      "has_journal": "2024-09-14 14:52:59 +0000"
    },
    "done": true
  },
  "ars_nouveau:recipes/building_blocks/gilded_sourcestone_small_bricks_stone_cutterslab": {
    "criteria": {
      "has_journal": "2024-09-14 14:52:59 +0000"
    },
    "done": true
  },
  "ars_nouveau:recipes/misc/manipulation_essence_to_tuff": {
    "criteria": {
      "has_journal": "2024-09-14 14:52:59 +0000"
    },
    "done": true
  },
  "ars_nouveau:recipes/building_blocks/sourcestone_mosaic_slab": {
    "criteria": {
      "has_journal": "2024-09-14 14:52:59 +0000"
    },
    "done": true
  },
  "ars_nouveau:recipes/misc/sourcestone_large_bricks_stairs": {
    "criteria": {
      "has_journal": "2024-09-14 14:52:59 +0000"
    },
    "done": true
  },
  "ars_nouveau:recipes/misc/purple_archwood_wood": {
    "criteria": {
      "has_journal": "2024-09-14 14:52:59 +0000"
    },
    "done": true
  },
  "ars_nouveau:recipes/building_blocks/sourcestone_small_bricks_stone_cutterslab": {
    "criteria": {
      "has_journal": "2024-09-14 14:52:59 +0000"
    },
    "done": true
  },
  "ars_nouveau:recipes/misc/gilded_sourcestone_mosaic_stairs": {
    "criteria": {
      "has_journal": "2024-09-14 14:52:59 +0000"
    },
    "done": true
  },
  "ars_nouveau:recipes/misc/agronomic_sourcelink": {
    "criteria": {
      "has_journal": "2024-09-14 14:52:59 +0000"
    },
    "done": true
  },
  "ars_nouveau:recipes/building_blocks/sourcestone_mosaic_stone_cutterslab": {
    "criteria": {
      "has_journal": "2024-09-14 14:52:59 +0000"
    },
    "done": true
  },
  "ars_nouveau:recipes/misc/sconce": {
    "criteria": {
      "has_journal": "2024-09-14 14:52:59 +0000"
    },
    "done": true
  },
  "ars_nouveau:recipes/misc/smooth_gilded_sourcestone_mosaic_to_sourcestone": {
    "criteria": {
      "has_journal": "2024-09-14 14:52:59 +0000"
    },
    "done": true
  },
  "ars_nouveau:recipes/misc/gilded_sourcestone_small_bricks_stairs": {
    "criteria": {
      "has_journal": "2024-09-14 14:52:59 +0000"
    },
    "done": true
  },
  "ars_nouveau:recipes/misc/smooth_gilded_sourcestone_small_bricks_to_sourcestone": {
    "criteria": {
      "has_journal": "2024-09-14 14:52:59 +0000"
    },
    "done": true
  },
  "minecraft:recipes/decorations/crafting_table": {
    "criteria": {
      "unlock_right_away": "2024-09-14 14:53:00 +0000"
    },
    "done": true
  },
  "minecraft:recipes/redstone/lever": {
    "criteria": {
      "has_cobblestone": "2024-09-14 15:16:37 +0000"
    },
    "done": true
  },
  "minecraft:recipes/decorations/ladder": {
    "criteria": {
      "has_stick": "2024-09-14 15:15:13 +0000"
    },
    "done": true
  },
  "iceandfire:recipes/misc/dragon_meal": {
    "criteria": {
      "has_item": "2024-09-14 15:22:37 +0000"
    },
    "done": true
  },
  "minecraft:recipes/decorations/stone_brick_wall": {
    "criteria": {
      "has_stone_bricks": "2024-09-14 15:13:25 +0000"
    },
    "done": true
  },
  "minecraft:recipes/misc/iron_nugget_from_smelting": {
    "criteria": {
      "has_iron_axe": "2024-09-14 15:13:32 +0000"
    },
    "done": true
  },
  "minecraft:recipes/food/cooked_mutton_from_smoking": {
    "criteria": {
      "has_mutton": "2024-09-14 15:22:37 +0000"
    },
    "done": true
  },
  "vampirism:recipes/combat/hunter/stake": {
    "criteria": {
      "has_sticks": "2024-09-14 15:15:13 +0000"
    },
    "done": true
  },
  "minecraft:recipes/building_blocks/bookshelf": {
    "criteria": {
      "has_book": "2024-09-14 15:12:59 +0000"
    },
    "done": true
  },
  "minecraft:recipes/decorations/oak_sign": {
    "criteria": {
      "has_planks": "2024-09-14 15:23:44 +0000"
    },
    "done": true
  },
  "minecraft:recipes/redstone/oak_trapdoor": {
    "criteria": {
      "has_planks": "2024-09-14 15:23:44 +0000"
    },
    "done": true
  },
  "minecraft:recipes/combat/stone_sword": {
    "criteria": {
      "has_cobblestone": "2024-09-14 15:16:37 +0000"
    },
    "done": true
  },
  "minecraft:recipes/decorations/cobblestone_wall": {
    "criteria": {
      "has_cobblestone": "2024-09-14 15:16:37 +0000"
    },
    "done": true
  },
  "minecraft:recipes/misc/gold_nugget_from_smelting": {
    "criteria": {
      "has_golden_chestplate": "2024-09-14 15:16:37 +0000"
    },
    "done": true
  },
  "minecraft:recipes/tools/stone_axe": {
    "criteria": {
      "has_cobblestone": "2024-09-14 15:16:37 +0000"
    },
    "done": true
  },
  "minecraft:recipes/building_blocks/cracked_stone_bricks": {
    "criteria": {
      "has_stone_bricks": "2024-09-14 15:13:25 +0000"
    },
    "done": true
  },
  "vampirism:recipes/decorations/vampire/altar_pillar": {
    "criteria": {
      "has_stones": "2024-09-14 15:13:25 +0000"
    },
    "done": true
  },
  "tombstone:recipes/from_grave_key": {
    "criteria": {
      "has_ingredient": "2024-09-14 15:09:32 +0000"
    },
    "done": true
  },
  "minecraft:recipes/building_blocks/stone_brick_stairs_from_stone_bricks_stonecutting": {
    "criteria": {
      "has_stone_bricks": "2024-09-14 15:13:25 +0000"
    },
    "done": true
  },
  "iceandfire:recipes/building_blocks/dragonforge_ice_brick": {
    "criteria": {
      "has_item": "2024-09-14 15:13:25 +0000"
    },
    "done": true
  },
  "minecraft:story/mine_stone": {
    "criteria": {
      "get_stone": "2024-09-14 15:16:37 +0000"
    },
    "done": true
  },
  "minecraft:recipes/decorations/furnace": {
    "criteria": {
      "has_cobblestone": "2024-09-14 15:16:37 +0000"
    },
    "done": true
  },
  "iceandfire:recipes/building_blocks/dragonforge_lightning_brick": {
    "criteria": {
      "has_item": "2024-09-14 15:13:25 +0000"
    },
    "done": true
  },
  "treasure2:recipes/tools/treasure_tool": {
    "criteria": {
      "has_stick": "2024-09-14 15:15:13 +0000"
    },
    "done": true
  },
  "alexsmobs:alexsmobs/root": {
    "criteria": {
      "useitem": "2024-09-14 15:11:44 +0000"
    },
    "done": true
  },
  "minecraft:recipes/building_blocks/stone_brick_stairs": {
    "criteria": {
      "has_stone_bricks": "2024-09-14 15:13:25 +0000"
    },
    "done": true
  },
  "minecraft:recipes/tools/wooden_axe": {
    "criteria": {
      "has_stick": "2024-09-14 15:15:13 +0000"
    },
    "done": true
  },
  "minecraft:recipes/decorations/spruce_sign": {
    "criteria": {
      "has_planks": "2024-09-14 15:12:59 +0000"
    },
    "done": true
  },
  "minecraft:recipes/decorations/painting": {
    "criteria": {
      "has_wool": "2024-09-14 15:22:37 +0000"
    },
    "done": true
  },
  "minecraft:recipes/misc/gold_nugget_from_blasting": {
    "criteria": {
      "has_golden_chestplate": "2024-09-14 15:16:37 +0000"
    },
    "done": true
  },
  "minecraft:recipes/decorations/composter": {
    "criteria": {
      "has_wood_slab": "2024-09-14 15:13:23 +0000"
    },
    "done": true
  },
  "minecraft:recipes/decorations/glow_item_frame": {
    "criteria": {
      "has_item_frame": "2024-09-14 15:13:23 +0000"
    },
    "done": true
  },
  "iceandfire:recipes/building_blocks/dragonforge_fire_brick": {
    "criteria": {
      "has_item": "2024-09-14 15:13:25 +0000"
    },
    "done": true
  },
  "minecraft:recipes/building_blocks/chiseled_stone_bricks": {
    "criteria": {
      "has_tag": "2024-09-14 15:13:25 +0000"
    },
    "done": true
  },
  "minecraft:recipes/decorations/chest": {
    "criteria": {
      "has_lots_of_items": "2024-09-14 15:12:59 +0000"
    },
    "done": true
  },
  "minecraft:recipes/misc/stick": {
    "criteria": {
      "has_planks": "2024-09-14 15:12:59 +0000"
    },
    "done": true
  },
  "minecraft:recipes/redstone/lectern": {
    "criteria": {
      "has_book": "2024-09-14 15:12:59 +0000"
    },
    "done": true
  },
  "minecraft:recipes/building_blocks/cobblestone_slab_from_cobblestone_stonecutting": {
    "criteria": {
      "has_cobblestone": "2024-09-14 15:16:37 +0000"
    },
    "done": true
  },
  "minecraft:recipes/building_blocks/oak_stairs": {
    "criteria": {
      "has_planks": "2024-09-14 15:23:44 +0000"
    },
    "done": true
  },
  "minecraft:recipes/transportation/cherry_boat": {
    "criteria": {
      "in_water": "2024-09-14 15:20:56 +0000"
    },
    "done": true
  },
  "minecraft:adventure/kill_all_mobs": {
    "criteria": {
      "minecraft:skeleton": "2024-09-14 15:16:04 +0000",
      "minecraft:zombie": "2024-09-14 15:12:07 +0000"
    },
    "done": false
  },
  "minecraft:recipes/decorations/oak_fence": {
    "criteria": {
      "has_planks": "2024-09-14 15:23:44 +0000"
    },
    "done": true
  },
  "minecraft:recipes/building_blocks/chiseled_bookshelf": {
    "criteria": {
      "has_book": "2024-09-14 15:12:59 +0000"
    },
    "done": true
  },
  "minecraft:recipes/combat/iron_ingot_from_short_sword": {
    "criteria": {
      "has_weapon": "2024-09-14 15:16:37 +0000"
    },
    "done": true
  },
  "minecraft:recipes/misc/bone_meal": {
    "criteria": {
      "has_bone": "2024-09-14 15:16:04 +0000"
    },
    "done": true
  },
  "vampirism:recipes/combat/hunter/crossbow_arrow_from_vanilla": {
    "criteria": {
      "has_arrow": "2024-09-14 15:16:04 +0000"
    },
    "done": true
  },
  "minecraft:recipes/building_blocks/stone": {
    "criteria": {
      "has_cobblestone": "2024-09-14 15:16:37 +0000"
    },
    "done": true
  },
  "iceandfire:recipes/misc/earplugs": {
    "criteria": {
      "has_item": "2024-09-14 15:12:59 +0000"
    },
    "done": true
  },
  "vampirism:recipes/decorations/vampire/altar_inspiration": {
    "criteria": {
      "has_planks": "2024-09-14 15:12:59 +0000"
    },
    "done": true
  },
  "minecraft:recipes/transportation/bamboo_raft": {
    "criteria": {
      "in_water": "2024-09-14 15:20:56 +0000"
    },
    "done": true
  },
  "minecraft:recipes/misc/writable_book": {
    "criteria": {
      "has_book": "2024-09-14 15:12:59 +0000"
    },
    "done": true
  },
  "tombstone:adventure/cancel_ghostly_shape": {
    "criteria": {
      "coded_trigger": "2024-09-14 15:18:41 +0000"
    },
    "done": true
  },
  "minecraft:recipes/transportation/spruce_boat": {
    "criteria": {
      "in_water": "2024-09-14 15:20:56 +0000"
    },
    "done": true
  },
  "apotheosis:affix/root": {
    "criteria": {
      "sword": "2024-09-14 15:13:32 +0000"
    },
    "done": true
  },
  "vampirism:recipes/decorations/general/altar_cleansing_new": {
    "criteria": {
      "has_book": "2024-09-14 15:12:59 +0000"
    },
    "done": true
  },
  "tombstone:adventure/chain_death": {
    "criteria": {
      "coded_trigger": "2024-09-14 15:18:18 +0000"
    },
    "done": true
  },
  "minecraft:husbandry/root": {
    "criteria": {
      "consumed_item": "2024-09-14 15:11:44 +0000"
    },
    "done": true
  },
  "minecraft:recipes/transportation/birch_boat": {
    "criteria": {
      "in_water": "2024-09-14 15:20:56 +0000"
    },
    "done": true
  },
  "toughasnails:recipes/combat/wool_helmet": {
    "criteria": {
      "has_wool": "2024-09-14 15:22:37 +0000"
    },
    "done": true
  },
  "minecraft:recipes/decorations/spruce_fence": {
    "criteria": {
      "has_planks": "2024-09-14 15:12:59 +0000"
    },
    "done": true
  },
  "minecraft:recipes/decorations/white_carpet": {
    "criteria": {
      "has_white_wool": "2024-09-14 15:22:37 +0000"
    },
    "done": true
  },
  "vampirism:recipes/decorations/general/tombstone2": {
    "criteria": {
      "has_coble": "2024-09-14 15:16:37 +0000"
    },
    "done": true
  },
  "tombstone:adventure/first_knowledge": {
    "criteria": {
      "coded_trigger": "2024-09-14 15:18:41 +0000"
    },
    "done": true
  },
  "minecraft:recipes/transportation/oak_boat": {
    "criteria": {
      "in_water": "2024-09-14 15:20:56 +0000"
    },
    "done": true
  },
  "vampirism:recipes/transportation/cursed_spruce_boat": {
    "criteria": {
      "in_water": "2024-09-14 15:20:56 +0000"
    },
    "done": true
  },
  "minecraft:recipes/decorations/stone_brick_wall_from_stone_bricks_stonecutting": {
    "criteria": {
      "has_stone_bricks": "2024-09-14 15:13:25 +0000"
    },
    "done": true
  },
  "minecraft:recipes/building_blocks/spruce_slab": {
    "criteria": {
      "has_planks": "2024-09-14 15:12:59 +0000"
    },
    "done": true
  },
  "minecraft:recipes/tools/lead": {
    "criteria": {
      "has_slime_ball": "2024-09-14 15:13:32 +0000"
    },
    "done": true
  },
  "minecraft:recipes/redstone/oak_button": {
    "criteria": {
      "has_planks": "2024-09-14 15:23:44 +0000"
    },
    "done": true
  },
  "minecraft:recipes/transportation/mangrove_boat": {
    "criteria": {
      "in_water": "2024-09-14 15:20:56 +0000"
    },
    "done": true
  },
  "minecraft:recipes/redstone/spruce_button": {
    "criteria": {
      "has_planks": "2024-09-14 15:12:59 +0000"
    },
    "done": true
  },
  "minecraft:recipes/decorations/torch": {
    "criteria": {
      "has_stone_pickaxe": "2024-09-14 15:17:18 +0000"
    },
    "done": true
  },
  "vampirism:recipes/decorations/general/throne": {
    "criteria": {
      "has_planks": "2024-09-14 15:12:59 +0000"
    },
    "done": true
  },
  "vampirism:recipes/decorations/general/fire_place": {
    "criteria": {
      "has_logs": "2024-09-14 15:21:59 +0000"
    },
    "done": true
  },
  "minecraft:recipes/building_blocks/oak_slab": {
    "criteria": {
      "has_planks": "2024-09-14 15:23:44 +0000"
    },
    "done": true
  },
  "minecraft:recipes/redstone/spruce_pressure_plate": {
    "criteria": {
      "has_planks": "2024-09-14 15:12:59 +0000"
    },
    "done": true
  },
  "minecraft:recipes/redstone/sticky_piston": {
    "criteria": {
      "has_slime_ball": "2024-09-14 15:13:32 +0000"
    },
    "done": true
  },
  "toughasnails:recipes/combat/wool_boots": {
    "criteria": {
      "has_wool": "2024-09-14 15:22:37 +0000"
    },
    "done": true
  },
  "minecraft:recipes/tools/stone_pickaxe": {
    "criteria": {
      "has_cobblestone": "2024-09-14 15:16:37 +0000"
    },
    "done": true
  },
  "tetra:recipes/planks": {
    "criteria": {
      "got_wood": "2024-09-14 15:12:59 +0000"
    },
    "done": true
  },
  "minecraft:recipes/food/cooked_mutton": {
    "criteria": {
      "has_mutton": "2024-09-14 15:22:37 +0000"
    },
    "done": true
  },
  "minecraft:recipes/misc/white_dye_from_lily_of_the_valley": {
    "criteria": {
      "has_lily_of_the_valley": "2024-09-14 15:12:59 +0000"
    },
    "done": true
  },
  "apotheosis:affix/rare": {
    "criteria": {
      "sword": "2024-09-14 15:13:32 +0000"
    },
    "done": true
  },
  "minecraft:recipes/building_blocks/stone_brick_slab_from_stone_bricks_stonecutting": {
    "criteria": {
      "has_stone_bricks": "2024-09-14 15:13:25 +0000"
    },
    "done": true
  },
  "minecraft:recipes/decorations/campfire": {
    "criteria": {
      "has_stick": "2024-09-14 15:15:13 +0000"
    },
    "done": true
  },
  "minecraft:recipes/tools/wooden_hoe": {
    "criteria": {
      "has_stick": "2024-09-14 15:15:13 +0000"
    },
    "done": true
  },
  "vampirism:recipes/decorations/hunter/cross": {
    "criteria": {
      "has_planks": "2024-09-14 15:12:59 +0000"
    },
    "done": true
  },
  "tombstone:adventure/first_grave": {
    "criteria": {
      "coded_trigger": "2024-09-14 15:09:19 +0000"
    },
    "done": true
  },
  "minecraft:recipes/decorations/white_banner": {
    "criteria": {
      "has_white_wool": "2024-09-14 15:22:37 +0000"
    },
    "done": true
  },
  "minecraft:recipes/redstone/oak_fence_gate": {
    "criteria": {
      "has_planks": "2024-09-14 15:23:44 +0000"
    },
    "done": true
  },
  "minecraft:recipes/misc/charcoal": {
    "criteria": {
      "has_log": "2024-09-14 15:21:59 +0000"
    },
    "done": true
  },
  "minecraft:recipes/tools/wooden_pickaxe": {
    "criteria": {
      "has_stick": "2024-09-14 15:15:13 +0000"
    },
    "done": true
  },
  "minecraft:recipes/building_blocks/stone_brick_slab": {
    "criteria": {
      "has_stone_bricks": "2024-09-14 15:13:25 +0000"
    },
    "done": true
  },
  "vampirism:recipes/decorations/bat_cage": {
    "criteria": {
      "has_planks": "2024-09-14 15:12:59 +0000"
    },
    "done": true
  },
  "minecraft:story/upgrade_tools": {
    "criteria": {
      "stone_pickaxe": "2024-09-14 15:17:18 +0000"
    },
    "done": true
  },
  "vampirism:recipes/transportation/dark_spruce_boat": {
    "criteria": {
      "in_water": "2024-09-14 15:20:56 +0000"
    },
    "done": true
  },
  "minecraft:recipes/building_blocks/chiseled_stone_bricks_from_stone_bricks_stonecutting": {
    "criteria": {
      "has_stone_bricks": "2024-09-14 15:13:25 +0000"
    },
    "done": true
  },
  "minecraft:recipes/redstone/oak_pressure_plate": {
    "criteria": {
      "has_planks": "2024-09-14 15:23:44 +0000"
    },
    "done": true
  },
  "apotheosis:affix/gem": {
    "criteria": {
      "gem": "2024-09-14 15:12:40 +0000"
    },
    "done": true
  },
  "minecraft:recipes/redstone/oak_door": {
    "criteria": {
      "has_planks": "2024-09-14 15:23:44 +0000"
    },
    "done": true
  },
  "minecraft:recipes/redstone/spruce_trapdoor": {
    "criteria": {
      "has_planks": "2024-09-14 15:12:59 +0000"
    },
    "done": true
  },
  "minecraft:recipes/food/cooked_mutton_from_campfire_cooking": {
    "criteria": {
      "has_mutton": "2024-09-14 15:22:37 +0000"
    },
    "done": true
  },
  "minecraft:recipes/redstone/spruce_door": {
    "criteria": {
      "has_planks": "2024-09-14 15:12:59 +0000"
    },
    "done": true
  },
  "minecraft:recipes/redstone/spruce_fence_gate": {
    "criteria": {
      "has_planks": "2024-09-14 15:12:59 +0000"
    },
    "done": true
  },
  "minecraft:recipes/tools/wooden_shovel": {
    "criteria": {
      "has_stick": "2024-09-14 15:15:13 +0000"
    },
    "done": true
  },
  "minecraft:recipes/combat/copper_ingot_from_short_sword": {
    "criteria": {
      "has_weapon": "2024-09-14 15:16:37 +0000"
    },
    "done": true
  },
  "minecraft:recipes/building_blocks/cobblestone_slab": {
    "criteria": {
      "has_cobblestone": "2024-09-14 15:16:37 +0000"
    },
    "done": true
  },
  "vampirism:recipes/combat/alchemy_table": {
    "criteria": {
      "has_planks": "2024-09-14 15:12:59 +0000"
    },
    "done": true
  },
  "minecraft:recipes/transportation/acacia_boat": {
    "criteria": {
      "in_water": "2024-09-14 15:20:56 +0000"
    },
    "done": true
  },
  "minecraft:adventure/root": {
    "criteria": {
      "killed_by_something": "2024-09-14 15:09:19 +0000"
    },
    "done": true
  },
  "vampirism:recipes/combat/hunter/crucifix": {
    "criteria": {
      "planks": "2024-09-14 15:12:59 +0000"
    },
    "done": true
  },
  "minecraft:recipes/misc/blue_dye_from_cornflower": {
    "criteria": {
      "has_cornflower": "2024-09-14 15:12:59 +0000"
    },
    "done": true
  },
  "minecraft:recipes/redstone/slime_block": {
    "criteria": {
      "has_slime_ball": "2024-09-14 15:13:32 +0000"
    },
    "done": true
  },
  "minecraft:recipes/combat/wooden_sword": {
    "criteria": {
      "has_stick": "2024-09-14 15:15:13 +0000"
    },
    "done": true
  },
  "minecraft:recipes/misc/iron_nugget_from_blasting": {
    "criteria": {
      "has_iron_axe": "2024-09-14 15:13:32 +0000"
    },
    "done": true
  },
  "minecraft:adventure/kill_a_mob": {
    "criteria": {
      "minecraft:zombie": "2024-09-14 15:12:07 +0000"
    },
    "done": true
  },
  "vampirism:recipes/alchemy_table/alchemy_table/plant_oil": {
    "criteria": {
      "has_wheat_seeds": "2024-09-14 15:18:45 +0000"
    },
    "done": true
  },
  "tombstone:recipes/from_grave_dust": {
    "criteria": {
      "has_ingredient": "2024-09-14 15:22:48 +0000"
    },
    "done": true
  },
  "minecraft:recipes/decorations/barrel": {
    "criteria": {
      "has_planks": "2024-09-14 15:12:59 +0000"
    },
    "done": true
  },
  "minecraft:recipes/decorations/cobblestone_wall_from_cobblestone_stonecutting": {
    "criteria": {
      "has_cobblestone": "2024-09-14 15:16:37 +0000"
    },
    "done": true
  },
  "minecraft:recipes/building_blocks/cobblestone_stairs_from_cobblestone_stonecutting": {
    "criteria": {
      "has_cobblestone": "2024-09-14 15:16:37 +0000"
    },
    "done": true
  },
  "minecraft:recipes/decorations/white_bed": {
    "criteria": {
      "has_white_wool": "2024-09-14 15:22:37 +0000"
    },
    "done": true
  },
  "minecraft:recipes/building_blocks/cobblestone_stairs": {
    "criteria": {
      "has_cobblestone": "2024-09-14 15:16:37 +0000"
    },
    "done": true
  },
  "tombstone:adventure/create_magic_scroll": {
    "criteria": {
      "has_magic_scroll": "2024-09-14 15:16:37 +0000"
    },
    "done": true
  },
  "vampirism:recipes/decorations/general/vampire_rack": {
    "criteria": {
      "has_book": "2024-09-14 15:12:59 +0000"
    },
    "done": true
  },
  "minecraft:recipes/tools/stone_hoe": {
    "criteria": {
      "has_cobblestone": "2024-09-14 15:16:37 +0000"
    },
    "done": true
  },
  "minecraft:recipes/building_blocks/spruce_stairs": {
    "criteria": {
      "has_planks": "2024-09-14 15:12:59 +0000"
    },
    "done": true
  },
  "minecraft:recipes/tools/stone_shovel": {
    "criteria": {
      "has_cobblestone": "2024-09-14 15:16:37 +0000"
    },
    "done": true
  },
  "minecraft:story/root": {
    "criteria": {
      "crafting_table": "2024-09-14 15:15:08 +0000"
    },
    "done": true
  },
  "toughasnails:recipes/combat/wool_leggings": {
    "criteria": {
      "has_wool": "2024-09-14 15:22:37 +0000"
    },
    "done": true
  },
  "vampirism:recipes/decorations/general/altar_cleansing": {
    "criteria": {
      "has_vampire_book": "2024-09-14 15:12:59 +0000"
    },
    "done": true
  },
  "toughasnails:recipes/combat/wool_chestplate": {
    "criteria": {
      "has_wool": "2024-09-14 15:22:37 +0000"
    },
    "done": true
  },
  "minecraft:recipes/transportation/jungle_boat": {
    "criteria": {
      "in_water": "2024-09-14 15:20:56 +0000"
    },
    "done": true
  },
  "vampirism:recipes/decorations/vampire/coffin_white": {
    "criteria": {
      "has_wool": "2024-09-14 15:22:37 +0000"
    },
    "done": true
  },
  "tombstone:adventure/funeral_theft": {
    "criteria": {
      "coded_trigger": "2024-09-14 15:23:10 +0000"
    },
    "done": true
  },
  "minecraft:recipes/transportation/dark_oak_boat": {
    "criteria": {
      "in_water": "2024-09-14 15:20:56 +0000"
    },
    "done": true
  },
  "vampirism:recipes/decorations/item_tent": {
    "criteria": {
      "has_wool": "2024-09-14 15:22:37 +0000"
    },
    "done": true
  },
  "DataVersion": 3465
}